ABAK	a.	Eski Türklerde ölmüş kimselerin heykel vb. suretleri
ABİŞ	a.,jeol.	Madenleri toz hâline getirmeye yarayan küçük, çelik havan
ABLİ	a.,den.	Yatay serenlerin ucuna bağlı bulunan ve bunları sağa, sola veya ortaya çevirmek için yararlanılan halat veya palanga
ABRA	a.,ağz.	► dara
ABUK	sf.	► saçma
ABUS	sf.,esk.	► somurtkan
ACEM	a.,müz.	Klasik Türk müziğinde kullanılan birleşik bir makam
ACEP	zf.	► acaba
ÂCİZ	sf.	Bir işi yapabilecek gücü, becerisi veya yeteneği olmayan
ACUL	sf.	► aceleci
ACUR	a.,bit. b.	Kabakgillerden, Ege ve Güneydoğu Anadolu’da yetişen, kabuğu çizgili ve tüylü, yeşil veya sarımtırak, üzeri yeşil lekeli, bir yıllık, otsu, irice bir meyve (Cucumis flexuosus)
ACVE	a.	Medine'de yetişen, koyu renkli, tombul çekirdekli iyi cins bir tür hurma
ACYO	a.,tic.	Herhangi bir paranın gerçek değeriyle sürüm değeri arasında veya bir ticaret senedinin üzerinde yazılı miktar ile indirimden sonraki tutarı arasında doğan fark
AÇAN	a.,anat.	Oynak kemiklerin arasındaki açıları genişletmeye yarayan kasların genel adı, büken karşıtı
AÇAR	a.	► anahtar
AÇIM	a.	Açmak işi
AÇIŞ	a.	Açmak işi
AÇKI	a.	Bir cismin yüzeyi üzerinde sert bir madde veya bir araç sürterek onu düzleştirip parlatma
ADAP	a.	► töre
ADAT	a.	Töreler, âdetler
ADCI	sf.,fel.	Adcılık öğretisine bağlı (kimse); isimci
ADEM	a.,esk.	► yokluk
ÂDEM	a.	► insan
ÂDET	a.,top. b.	► görenek
ADIL	a.,db.	► zamir (I)
ADLI	sf.	... adını taşıyan; isimli
AFAK	a.,esk.	Ufuklar
AFAT	a.,esk.	Afetler
AFİF	sf.,esk.	► iffetli (erkek)
AFİS	a.,hay. b.	Gümüş balığının küçüğü
AFİŞ	a.	Bir şeyi duyurmak veya tanıtmak için hazırlanan, kalabalığın görebileceği yere asılmış, genellikle resimli duvar ilanı; ası
AGÂH	sf.,esk.	► bilgili
AGEL	a.	Arap erkeklerinin kefiyelerinin üzerine bağladıkları, yünden örülmüş kalın çember bağ
AGUŞ	a.,esk.	► kucak
AĞCA	sf.	► akça (I)
AĞCI	a.	Ağ ile balık tutarak geçinen kimse
AĞIM	a.	Ayağın üstündeki tümsek yer
AĞIŞ	a.	Ağmak işi
AĞLI	sf.	Ağı bulunan
AĞMA	a.	Ağmak işi
AĞRI	a.	Sinir uçlarının şiddetli biçimde uyarılmasıyla ortaya çıkan, vücudun herhangi bir yerinde oluşan rahatsızlık hissi; veca
AĞSI	sf.,anat.	Ağ görünüşünde olan, ağ gibi örülmüş olan
AHAR	a.	Hattatların kâğıt cilalamak için kullandıkları nişasta ve yumurta akından yapılan özel bir karışım
AHÇI	a.	343 aşçı
AHDÎ	sf.,esk.	Antlaşmaya göre olan, antlaşma gereği olan
AHİZ	a.,esk.	Alma
AHŞA	a.,esk.,anat.	► bağır
AJUR	a.	Bir işlemede, örgüde, ipliklerin kesilmesi, ayrı tutulması yoluyla oluşturulan boşluk
AKAÇ	a.	Bir yerde birikip kalan sıvıları, bir işlem sonunda geriye kalan artıkları, gereksiz nesneleri dışarıya akıtmak için kullanılan boru vb. araç
AKAK	a.,coğ.	► yatak
AKİL	sf.,esk.	► akıllı
AKİM	sf.,esk.	► verimsiz
AKİS	a.	► yansı
AKİT	a.,esk.,huk.	► sözleşme
ÂKİT	sf.	► bağıtçı
AKLI	sf.	Beyazı bulunan, beyaz renkli
AKSA	sf.	Uzakta bulunan
AKSE	a.,tıp	► kriz
AKSU	a.,ağz.	► katarakt
AKUR	sf.,esk.	Azgın, şiddetli olan
AKVA	a.	Bir tür sırmalı ve köstekli bıçak
ALAT	a.	Aletler
ALAZ	a.,ağz.	► alev (I)
ALDI	ağz.	"söylemeye başladı" anlamında kullanılan bir söz
ÂLEM	a.,gök b.	► evren
ALIŞ	a.	Almak işi
ALİL	sf.,esk.	► hasta
ÂLİM	a.	► bilim adamı
ALLI	sf.	Üzerinde veya içerisinde al renk bulunan
ALMA	a.	Almak işi; ahzetme, ittihaz, kabız
AMAL	a.,esk.	İşler, işlemler
AMİL	a.	► etken
ÂMİN	ünl.,din b.	Dualardan ve hayır dileklerinden sonra “Allah kabul etsin, öyle olsun!” anlamında kullanılan bir söz
AMİP	a.,hay. b.	Amipler takımından, vücudunun biçim değiştirmesiyle oluşan geçici kollar veya ayaklar üzerinde sürünerek yer değiştiren, tatlı ve tuzlu sularda yaşayan bir hücreli canlı (Amoeba)
AMİT	a.,kim.	Amonyağın hidrojeni yerine bir asit kökünün geçmesiyle oluşan birleşiklerin sınıf adı
AMME	a.	► kamu
AMOR	a.	► aşk
ANAL	sf.,tıp	Anüsle ilgili
ANAT	a.,esk.	Anlar, zamanlar
ANCA	zf.	O kadar
ANİF	sf.,esk.	► kaba
ANUT	sf.,esk.	► inatçı
ANÜS	a.,anat.	Sindirim sisteminin sonunda bulunan ve dışkının atılmasına yarayan çıkış deliği; büzük, göt, makat, sofra, şerç
AORT	a.,anat.	► ana atardamar
APAŞ	a.	► külhanbeyi
APAZ	a.,ağz.	► avuç
APEL	a.,ekon.	Anonim ortaklıklarda sermaye artırımı için yapılan ödeme çağrısı
APIŞ	a.	Butların iç tarafı
APRE	a.	Kumaş veya derinin cilalanması
ARAZ	a.,fel.	► ilinek
ÂRAZ	a.	Herhangi bir hastalık vb.nde ortaya çıkan belirtiler
ARDA	a.,ağz.	İşaret olarak yere dikilen çubuk
ARIŞ	a.,esk.	Kolun dirsekten parmaklara kadar olan bölümü
ARUZ	a.,ed.	► aruz vezni
ARYA	a.,müz.	Operalarda solistlerden birinin orkestra eşliğinde söylediği, genellikle kendi içinde bütünlüğü olan parça
ASAN	sf.	► kolay
ASAR	a.,esk.	Eserler
ASES	a.,tar.	Osmanlı Devleti'nde Yeniçeri Ocağı'nın kaldırılmasından önceki güvenlik görevlisi
ASIM	a.	Asmak işi
ASRİ	sf.,esk.	► çağdaş
AŞAR	a.,tar.	► öşür
AŞIK	a.,anat.	► aşık kemiği
ÂŞIK	a.	Bir kimseye veya bir şeye karşı aşırı sevgi ve bağlılık duyan, vurgun, tutkun kimse
AŞIM	a.	Aşmak işi
AŞIT	a.,ağz.	Kuytu yer
AŞİR	a.,din b.	Bir dinî tören sırasında veya cemaatle namaz kılınıp dua edildikten sonra okunan Kur'an ayetleri
AŞMA	a.	Aşmak işi
AŞOZ	a.,den.	Ahşap gemilerin omurgalarının uzunluğunca ve iki yanında borda kaplamalarının en dar yüzünü yerleştirmek için açılan keskin, sivri köşeli yuva
ATAR	a.,argo	Birisine karşı veya bir olay karşısında korkusuzca bulunulan güç gösterisi
ATÇI	a.	At yetiştiricisi kimse
ATEH	a.,esk.,tıp	► bunama
ATEL	a.	Kırılmış kemiklerin düzgün bir biçimde sarılabilmesi için kullanılan türlü malzemelerden yapılmış destek
AURA	a.	Canlıların bedenlerini çevreleyerek kalkan görevi yaptığı varsayılan, katmanlardan oluşan ve kendine özgü rengi olan elektromanyetik alan
AVAZ	a.	► ses
AYAL	a.,esk.	Bir erkeğin eşi, hanımı
ÂYAN	a.,esk.	İleri gelenler
AYÇA	a.	► hilal
AYIT	a.,bit. b.	Mine çiçeğigillerden, Akdeniz çevresinde yetişen, mavi, beyaz veya menekşe renginde çiçekler açan, 1-2 metre boyunda bir ağaççık; kadın otu, hayıt (Vitex agnus-castus)
AYLI	sf.	Üzerinde ay biçimi bulunan
AYMA	a.	Aymak işi
AZCA	zf.	Oldukça az
AZEL	a.,ekon.	Sunumun birkaç satıcı tarafından yapıldığı ve bu az sayıdaki satıcının birbirlerinin üretim kararlarından etkilendiği piyasa türü; oligopol
AZIŞ	a.	Azmak işi
AZİT	a.,kim.	Azotürün grup hâlinde üç azot atomu içeren organik türevlerinin ortak adı
AZMA	a.	Azmak işi
AZOL	a.,kim.	Heterosiklik birleşiklerin önemli bir sınıfı
BADİ	a.,ağz.	► ördek
BAĞI	a.	► göz bağı
BAKS	a.,den.	Gemiye hayvan yüklerken kullanılan sandık
BALA	a.,ağz.	► yavru
BANİ	sf.,esk.	► kurucu
BARA	a.,fiz.	Aynı gerilimdeki besleme hattı veya çıkışların toplandığı ve dağıtıldığı boru veya iletken çubuk veya lama
BARI	a.,ağz.	► çit (I)
BARK	a.,esk.	► ev
BATİ	sf.,esk.	Yavaş hareketli
BEİS	a.,esk.	► sakınca
BELİ	ünl.,esk.	► evet
BERK	sf.	► sert
BETİ	a.	Resim ve heykel sanatlarında varlıkların biçimi
BİBİ	a.,ağz.	► hala
BİLİ	a.	► bilgi
BİNİ	a.,ağz.	Binmek işi
BİŞİ	a.,ağz.	► pişi
BİYE	a.	Genellikle giysinin yaka, kol, etek çevresine kendi kumaşından veya başka kumaştan geçirilen ince şerit
BLUM	a.	Elli iki kâğıt ve iki jokerle, en az iki kişi, en fazla dört kişi tarafından oynanan, konkene benzeyen bir iskambil oyunu
BOCA	a.,den.	Geminin rüzgâr almayan yanı; rüzgâraltı, orsa veya rüzgârüstü karşıtı
BOCİ	a.	Ağır yük taşımaya yarayan, iki kalın ve küçük tekerleği olan el arabası
BOKS	a.,sp.	Özel eldiven takmış iki kişinin birbirlerine yumruk vurarak yaptıkları spor karşılaşması; yumruk oyunu
BOLD	a.,bl.	343 koyu
BORU	a.	Bir yerden başka bir yere sıvı, gaz vb. aktarmaya yarayan, içi boş, uçları açık, uzun ve dar silindir
BÖCE	a.,ağz.	► böcek
BÖKE	sf.	Kahraman, güçlü (kimse)
BÖRÜ	a.	► kurt (I)
BREŞ	a.,jeol.	Doğal çimento ile lavlı, kavkılı, kabuklu, kemikli kırıntıların kaynaşmasıyla oluşmuş kütle
BRİK	a.	İki direkli, seren yelkenli, birkaç top taşıyan gemi
BRİT	a.	Düğmeyi iliklemek için kumaş veya iplikten yapılmış, halka biçiminde, özel bir ilik türü
BRİZ	a.	► meltem
BROM	a.,kim.	Atom numarası 35, atom ağırlığı 79,909, yoğunluğu 2,97 olan, deniz sularında az, bazı göllerde çok miktarda bulunan, kırmızı renkli, pis kokulu, zehirli, sıvı bir element (simgesi Br)
BROŞ	a.	► yaka iğnesi
BUAT	a.,fiz.	Elektrik akımı devrelerinde birleştirme yapmak veya akımı bir veya daha fazla kola ayırmak için kullanılan kutu
BUĞU	a.	Soğuk bir cisim üzerinde ortamda bulunan havanın veya gazın yoğunlaşmasından ötürü meydana gelmiş ince sıvı katmanı
BUKE	a.	► koku
BULA	a.,ağz.	► yenge
BURU	a.,ağz.	► sancı
BUUT	a.,esk.,mat.	► boyut
BÜVE	a.,hay. b.	Genellikle sığırlara saldıran, onların kanını emen, vızıltılarıyla tedirginlik yaratan sokucu sinek; büğelek, dızdız (Hypoderma bovis)
BÜYÜ	a.	İnsan ve tabiatla ilgili olarak, birtakım gizli güçlerle insan geleceği üzerinde etkiler yapma, yönlendirmede bulunma gibi işlem ve davranışlara verilen genel ad; afsun, efsun, füsun, sihir
CAKA	a.,argo	► gösteriş
CANA	ünl.,esk.	"Ey sevgili" anlamında kullanılan bir seslenme sözü
CART	a.	Sert bir şey yırtılırken çıkan ses
CEBE	a.,esk.	► zırh (I)
CELİ	sf.,esk.	Açık, aşikâr olan
CEMİ	sf.,esk.	► bütün
CHAT	a.	343 sanal sohbet
CIRT	a.	Kâğıt, kumaş vb. yırtılırken çıkan ses
CİFE	a.,esk.	► leş
CİMA	a.,esk.	► cinsel ilişki
CÖNK	a.	Büyük yelkenli gemi
CURA	a.	İki, üç, dört, beş veya altı telli olabilen, alt teli “la”, üst teli “re” sesine ayarlanmış, mızrapla veya parmakla vurularak çalınan, bağlama ailesinin en küçük çalgısı
CÜDA	sf.,esk.	Yurt, baba ocağı gibi çok sevilen şeylerden ayrılmış olan, uzak kalmış olan
ÇAÇA	a.	Ticaret gemilerinde eski ve usta gemici
ÇEÇE	a.,hay. b.	İki kanatlılardan, insana uyku hastalığı aşılayan, sinekten büyük bir cins Güney Afrika böceği (Glossina)
ÇIĞA	a.,hay. b.	Yumurtasından havyar yapılan bir tür mersin balığı (Acipenser ruthenus)
ÇIKI	a.	► çıkın
ÇIMA	a.,den.	Gemiyi iskeleye bağlamak için kullanılan halat
ÇIPA	a.,den.	Gemilerin dalgalara, akıntılara kapılarak yer değiştirmemesi için suya atılan, zincirle gemiye bağlı bulunan, ucu çengelli ağır demir araç; çapa, çipo, demir
ÇİPO	a.,den.	► çıpa
ÇİTİ	a.	Çitmek işi
ÇİZİ	a.	► çizgi
ÇUCU	a.,hlk.	Semerci
ÇUKA	a.,hay. b.	Akdeniz, Marmara ve Karadeniz'de yaşayan tekirlerin irisi
DAĞİ	a.,müz.	Dağlık bölgelerde söylenen türkülerin makamı
DÂHİ	a.	Olağanüstü yeteneği ve yaratıcı gücü olan kimse; deha, öke
DANE	a.	► kuş yemi
DANG	a.,tıp	Başta, kaslarda ve oynaklarda ağrılar yapan, vücutta kızıl lekeler gösteren, ateşli ve salgın bir hastalık
DANK	a.	"Bir olay sebebiyle birden ayılmak, doğruyu anlamak" anlamında dank etmek veya dank demek birleşik fiillerinde kullanılan bir söz
DARP	a.,esk.	► vurma
DART	a.	Hedef noktaları dairesel olarak belirlenmiş nişan tahtasına küçük okların atılmasıyla oynanan bir oyun türü; oklama
DARU	a.,esk.	► ilaç
DATA	a.	► veri
DAYE	a.,esk.	► dadı
DEFA	a.	► kez
DEFİ	a.,huk.	Taraflardan birinin kendisine açılan davada borçtan kurtulmak için başvurduğu her türlü yol
DEFO	a.	► bozukluk
DELK	a.,esk.	► ovuşturma
DEME	a.	Demek işi; eyitme
DEMO	a.	► tanıtım ürünü
DENİ	sf.,esk.	Alçak, kötü, kişiliksiz (kimse)
DERÇ	a.,esk.	Bir araya getirme
DERK	a.,esk.	► anlama
DERZ	a.,mim.	Duvar taşlarının veya tuğlalarının harçla doldurulup üzerinden mala çekilerek düzeltilen aralığı
DEST	a.	► el (I)
DEVE	a.,hay. b.	Geviş getiren memelilerden, boynu uzun, sırtında bir veya iki hörgücü olan, yük taşımakta kullanılan hayvan (Camelus)
DEYİ	a.,dil b.	Dil, söz, işaret, mimik vb. anlatım araçlarının bütünü; logos
DİDE	a.,esk.	► göz
DİMİ	a.	Sıkı dokunmuş bir tür pamuklu kumaş
DİNE	a.,ağz.	Konaklama yeri
DİNÎ	sf.	Dinle ilgili, din üzerine; dinsel
DİNK	a.,ağz.	Pirinci kabuğundan ayırmak veya bulgur dövmek için kullanılan dibek
DİVA	a.	Sinema, tiyatro, müzik, dans, bale vb. sanatlara emek vermiş, alanında uzmanlaşmış ve tanınmış olan kadın sanatçı
DİYA	a.	► slayt
DONE	a.	► veri
DORE	a.	► altın sarısı
DREÇ	a.	Ağlı kepçe, tarama ağı
DREN	a.	► ark
DROG	a.,kim.	Hayvan ve bitkilerden kurutularak veya özel metotlarla toplanarak elde edilen, eczacılık ve kısmen sanayide kullanılan ham veya yarı ham madde
DUDU	a.	► papağan
DUKA	a.,tar.	Dük ünvanının eskiden kullanılan biçimi
DÜĞÜ	a.,ağz.	Elendikten sonra geriye kalan en ince bulgur
DÜSE	a.	Zarla oynanan oyunlarda, atılan zarlardan her ikisinin de üç benekli olan yüzünün üste gelmesi
DÜZE	a.,kim.	► doz
EBET	a.	Sonu olmayan gelecek zaman; sonsuzluk
ECİR	a.,esk.	► sevap
EDAT	a.,db.	Birlikte kullanıldığı sözler arasında ilgi kurmaya yarayan, anlamı yalnızca bağlamla belirginleşen kelime türü; ilgeç: Ev gibi huzur köşesi olmaz. Çocuk sabaha karşı uyandı
EDER	a.	► fiyat
EDİK	a.,ağz.	Yumuşak ve renkli sahtiyandan yapılmış yarım konçlu bir tür ayakkabı; lapçın
EDNA	sf.,esk.	Çok aşağı, en alt düzeyde
EĞİÇ	a.,ağz.	Yemiş koparırken dalları eğerek çekmeye veya kovandan bal almaya yarayan araç
EĞİN	a.,ağz.	► vücut
EĞİR	a.,ağz.	Arıların çıkardığı bir salgı türü
EĞİŞ	a.	Eğmek işi
EĞME	a.	Eğmek işi
EĞSİ	a.,ağz.	► köseği
EHEM	sf.,esk.	Çok önemli
EHLÎ	sf.	► evcil
EKİT	a.,tıp	Vücuda herhangi bir işlevi yerine getirmesi için yerleştirilen doku parçası veya yapay gereç
EKLİ	sf.	Eklenmiş olan
EKME	a.	Ekmek işi
EKRU	a.	Krem rengine yakın beyaz
EKTİ	sf.	Her yiyeceği canı çeken
ELAN	zf.,esk.	Şu anda bile
ELCİ	a.,ağz.	Bazı yörelerde mevsimlik tarım işçisi toplayıp işçi ile işveren arasında aracılık yapan kimse
ELEM	a.	► keder
ELİK	a.,ağz.	► dağ keçisi
ELİM	sf.,esk.	► acıklı
ELİT	sf.	► seçkin
EMAN	a.	Radyoaktif cisimlerde ölçü birimi
EMAY	a.	Bazı maddeleri korumak, belirli bir parlaklık kazandırmak veya boyamak için kullanılan, saydam veya donuk cama benzeyen cila
EMEÇ	a.,bit. b.	Su ve kara yosunlarının, kökü andıran tutunma organı
EMEN	a.,ağz.	Bağ çubuğu, ağaç veya sebze dikmek için açılan çukur
EMÎR	a.	Araplarda ve bazı Müslüman ülkelerde bir kavim, şehir veya ülkenin başı
EMİK	a.,ağz.	Emilmekten çürüyen yer
EMİŞ	a.	Emmek işi
EMME	a.	Emmek işi
EMMİ	a.,ağz.	► amca
ENEK	sf.,ağz.	İğdiş edilmiş
ENEZ	sf.,ağz.	Hantal, vurdumduymaz olan
ENİN	a.	► inilti
ENİR	a.,bit. b.	Bir tür yaban mersini
ENLİ	sf.	► geniş
ENVA	a.,esk.	Çeşitler
EPER	a.	Işığa karşı bakıldığında kâğıt tabakasının yapısal görünümü
ERCE	zf.	Er gibi, ere yakışır bir biçimde
EREK	a.	► amaç
ERGİ	a.,esk.	İyi bir şeye erişme durumu
ERİM	a.	► menzil
ERİN	sf.	► ergen
ERİŞ	a.	Ermek işi
ERME	a.	Ermek işi
EROS	a.,ruh b.	Ruhsal çözümleme açısından cinsel eğilimler ve bundan doğan isteklerin tümü
ESİK	a.,ağz.	Çukur yer
ESİM	a.,ağz.	Yelin esişi
ESİŞ	a.	Esmek işi
ESMA	a.,esk.	Adlar
ESME	a.	Esmek işi
ESRE	a.	Arap harfli metinlerde bir ünsüzün ı, i seslerinden biriyle okunacağını gösteren işaret; kesre
EŞEY	a.,biy.	► cinsiyet
EŞLİ	sf.	Eşi olan
EŞME	a.	Eşmek işi
ETAP	a.,sp.	► aşama
ETÇİ	a.	► kasap
ETEN	a.,ağz.	► döl eşi
ETME	a.	Etmek işi
ETOL	a.	Genellikle kürkten, gösterişli kumaşlardan veya yün örgüden yapılmış omuz atkısı
ETÜV	a.	Yiyecekleri, nesneleri yüksek ısıyla sterilize ve dezenfekte etmekte kullanılan kapalı araç
EVCE	zf.	► evcek
EVCİ	a.	Tatil günlerini evinde geçiren yatılı öğrenci, er vb
EVİÇ	a.,müz.	Klasik Türk müziğinde bir tür birleşik makam
EVİN	a.,ağz.	Bir şeyin içindeki öz; lüp
FAAL	sf.	► etkin
FABL	a.,ed.	Kahramanları çoklukla hayvanlardan seçilen, sonunda ders verme amacı güden, genellikle manzum hikâye; öykünce
FAİK	sf.,esk.	► üstün (I)
FAKR	a.,esk.	► yoksulluk
FÂNİ	sf.	► ölümlü
FARS	a.,tiy.	► güldürü
FAVA	a.	İçine limon, şeker ve zeytinyağında pembeleştirilmiş soğan koyularak suda haşlanan bakla tanelerinin püre kıvamına getirilmesiyle yapılan ezme
FENT	a.,esk.	► hile
FERÇ	a.,anat.	Dişi canlılarda üreme organının dış bölümü; vulva
FERÎ	sf.,esk.	Ayrıntılarla ilgili, ayrıntı niteliğinde olan
FERT	a.	► birey
FERZ	a.,esk.	► vezir
FEVÇ	a.,esk.	İnsan kalabalığı
FEVT	a.,esk.	Elden çıkma
FEZA	a.,esk.,gök b.	► uzay
FIRT	a.	Baskı sonucu birdenbire yerinden çıkan bir şeyin çıkardığı sesin adı
FİİL	a.	► eylem
FİNK	a.,tkz.	"Hiçbir şeye aldırmadan gönlünce gezip eğlenmek" anlamına gelen fink atmak deyiminde geçen bir söz
FİŞE	a.	Bazı mobilya kilitlerinin içinde bulunan, birbirinin benzeri fakat farklı ölçüdeki uçları yaylı kilit elemanı
FLOK	a.,den.	Geminin cıvadrasına çekilen üçgen yelken
FLOR	a.,kim.	Atom numarası 9, atom ağırlığı 19, yoğunluğu 1,265 olan, kokusu ozonu andıran, yeşilimtırak sarı renkte, halojenler grubunun ilk elementi olan basit element (simgesi F)
FOLK	a.	► halk (I)
FONT	a.	► dökme demir
FORA	a.,den.	Yelken açtırma, mayna karşıtı
FORS	a.	Devlet başkanının bulunduğu yerlere, amirallerin çalıştıkları kuruluşlara veya gemilere, generallerin garnizonlarına ve bu düzeydeki görevlilerin arabalarına çekilen üç veya dört köşeli bayrak
FOŞA	a.,bit. b.	Tombul fındık grubunda standart bir tür fındık
FOTA	a.	İçinde şarap yapılan bir tür fıçı
FOTO	a.	► fotoğraf
FRAK	a.	Resmî törenlerde giyilen uzun etekli, eteğinin arkası beline kadar yırtmaçlı, siyah erkek ceketi veya takımı
FRER	a.	Yabancılara ait okullarda görevli papaz
FRİZ	a.	Tavandan inerek sahnenin üst kısmını, sahne boyunca kaplayan kısa, dar perde
FULE	a.	Adım aralığı
FUTA	a.,den.	Dar, uzun ve hafif bir yarış kayığı; kik
FÜRU	a.,esk.	Dallar, kollar, ayrıntılar
FÜZE	a.	Bir yanıcı ve bir yakıcı maddenin sürekli olarak yanmasından doğan itiş gücü ile hareket eden düzenek
GABİ	sf.,esk.	► kalın kafalı
GACI	a.,argo	Çingeneler arasında kadın için kullanılan bir söz
GÂHİ	zf.,esk.	► ara sıra
GALE	a.	İçerisinde kalıp yapılan üç tarafı kaplı, bir tarafı açık tepsi şeklinde dizgi aleti
GALİ	a.,den.	Alçak ve altı düz gemi
GANG	a.,min.	Bir maden cevherini, bir değerli taşı saran değersiz madde
GARK	a.	Suya batma, suda boğulma
GARP	a.,esk.,coğ.	► batı
GATO	a.	► pasta (I)
GAYZ	a.,esk.	► hınç
GAZA	a.,din b.	İslam dinini korumak veya yaymak amacıyla Müslüman olmayanlara karşı yapılan kutsal savaş
GEÇE	zf.	Herhangi bir saat başını geçerek, geçerken
GEDA	sf.,esk.	► dilenci
GELE	a.	Tavla oyununda elinde kırık taşı bulunan oyuncunun attığı, oyuna devam etmesine yaramayan zar
GENE	zf.	► yine
GETR	a.	Bacağın alt bölümünü ve ayakkabının üstünü örten kumaş veya köseleden yapılmış bir tozluk türü
GIDA	a.	► besin
GIDI	a.	► gıdık
GIGI	a.	Çocuk dilinde çene altı
GIRT	a.	Sert veya kalın bir şey kesilirken çıkan ses
GİDİ	ünl.	Azarlama sözü
GİNE	zf.,ağz.	► yine
GÖCE	a.,ağz.	Tarhana, bulgur yapmak için kullanılan kabuğu soyulmuş ve kırılmış buğday
GÖÇÜ	a.,ağz.	► toprak kayması
GÖNÇ	sf.,ağz.	Zengin, varlıklı
GÖRK	a.,ağz.	Güzellik, gösteriş
GÖZE	a.,anat.,biy.	► hücre
GREN	a.	Kâğıdın yüzeyinin pürüzlülük derece ve tipinin bir izlenimi
GRES	a.	► makine yağı
GREV	a.	İsteklerini işverene kabul ettirmek için işçilerin, hep birden işlerini hep birden bırakması; iş bırakımı
GRİL	a.	► ızgara
GRİP	a.,tıp	Yorgunluk, kırıklık, kas ağrıları, ateş vb. belirtileri olan, bulaşıcı, salgın hastalık; paçavra hastalığı, İspanyol nezlesi, enflüanza
GRON	a.	Çoklukla ferace yapımında kullanılan, çaprazlama iplerin desen olarak kullanıldığı, kalınca, parlak, ipek veya benzeri fabrika ürünü kumaş
GURK	a.	► kuluçka
GURU	a.	Brahmacı eğitimde, yüksek kasttan gençleri ve öğrencileri yetiştiren, manevi gücünün en yüksek noktada olduğuna inanılan kimse
GUŞA	a.,esk.,tıp	► guatr
GÜCÜ	a.,ağz.	Bez tezgâhında ipliği ayarlayan tezgâh tarağı
GÜME	a.,ağz.	Avcı kulübesi
GÜNÜ	a.,ağz.	► kıskançlık
GÜRE	a.,ağz.	Çiftleşmek isteyen kısrak veya dişi eşek
GÜYA	zf.	► sözde
HADİ	ünl.	► haydi
HAFİ	sf.,esk.	► gizli
HAİL	a.,esk.	► engel
HAJE	a.,hay. b.	Afrika'da yaygın olarak bulunan bir tür kobra (Naja haje)
HÂKÎ	a.	Kahverengi ve yeşilin karışımından ortaya çıkan renk
HÂLÂ	zf.	Şimdiye kadar, o zamana kadar; hâlen, henüz
HALİ	sf.,esk.	► boş
HAMİ	sf.	► koruyucu
HAMT	a.	Tanrı'ya şükretme
HARA	a.	Atların yetiştirildiği ve bakımlarının yapıldığı, hayvanların rahatça hareket etmelerini sağlayan alanların bulunduğu tesis
HARS	a.,esk.	Tarla sürme
HART	zf.	Birden ve sert bir biçimde (ısırmak, yemek)
HASA	a.	Patiska
HAYÂ	a.	► utanma
HAZA	zf.	Tam anlamıyla, mükemmel bir biçimde
HERK	a.,ağz.	Sürüldükten sonra bir yıl dinlendirilen, nadasa bırakılan tarla
HINK	ünl.	Güç gerektiren bir iş yapılırken çıkarılan ses
HİBE	a.	► bağış
HİŞT	ünl.,tkz.	"Hey, bana bak, sana söylüyorum" anlamında kullanılan bir seslenme sözü; hiş
HOBİ	a.	► uğraşı
HONA	a.,ağz.	Erkek sığır
HÖST	ünl.	At, katır, sığır vb. hayvanları, özellikle öküzü durdurmak için kullanılan bir seslenme sözü
HURÇ	a.	Genellikle yelken bezinden veya meşinden yapılmış büyük heybe
IHMA	a.	Ihmak işi
ILIM	a.	► ölçülülük
IRIP	a.	► ığrıp
IRKİ	sf.,esk.	Irkla ilgili; ırksal
ISIN	a.,fiz.	► kalori
IŞKI	a.,ağz.	Derilerin fazlalıklarını ve yağlarını kazımak ve tahtaları yontmak için kullanılan iki ucu saplı, eğri bıçak
ITRİ	sf.,esk.	► ıtırlı
İARE	a.,esk.	► ödünç
İBİŞ	a.,tiy.	Orta oyununda çoğu kez aptal uşak rolünü oynayan komedyen
İBNE	a.,kaba	Edilgin eş cinsel erkek; homoseksüel
İBRA	a.,huk.	► aklama
İCAR	a.,esk.	► kira
İCMA	a.,esk.	► toplama
İÇİŞ	a.	► içim
İÇİT	a.	İçilecek şey
İÇME	a.	İçmek işi
İDEA	a.	► düşünce
İFNA	a.,esk.	Yok etme
İFTA	a.,din b.	Bir sorunu fetva ile çözme
İGLU	a.	Çoğunlukla kar bloklarından kubbe biçiminde yapılan ve yalnızca Mackenzie Irmağı deltası ile Labrador arasında kalan bölgede rastlanan Eskimo kulübesi
İĞCİ	a.	İğ kullanan, yapan veya satan kimse
İĞSİ	sf.	İğ şeklinde olan, iği andıran
İHAM	a.,esk.	Kuruntuya düşürme
İKAZ	a.	► uyarı
İKSA	a.	Bir hendek veya temel çukuru kazılırken yandaki toprakları tutmak için yere yan yana çakılan ve kavramalarla birbirine tutturulan kalın tahtalarla kurulan düzen; bağın
İKTA	a.,tar.	Bir kişinin mülkiyetinde olmayıp devlete ait olan toprakların vergilerinin veya gelirlerinin asker veya sivil erkâna hizmet ve maaşlarına karşılık verilmesi
İLCA	a.,esk.	Zorlama, zorunda bırakma
İLEK	a.	İncirin döllenmesini sağlayan sinek
İLLE	zf.,ağz.	► illa
İLLÎ	sf.,esk.,fel.	► nedensel
İLME	a.	İlmek işi
İLMÎ	sf.	► bilimsel
İMAJ	a.	► imge
İMAR	a.	► bayındırlık
İMİK	a.	► gırtlak
İNAK	a.,fel.	► dogma
İNAL	a.	Kendisine inanılan kimse
İNAM	a.,esk.	► emanet
İNEÇ	a.,jeol.	► tekne, yukaç karşıtı
İNHA	a.,esk.	Resmî bir göreve atama veya bir üst aşama için yazılan yazı
İNİK	sf.	İnmiş, indirilmiş
İPÇİ	a.	İp üreten, yapan veya satan kimse
İPKA	a.,esk.,huk.	Yerinde, önceki durumunda bırakma
İPSİ	sf.	İpi andıran, ipe benzeyen, ip gibi
İRAP	a.,esk.	"Hiçbir değeri ve önemi yok" anlamındaki irapta mahalli yok ve iraptan mahalsiz deyimlerinde geçen bir söz
İRCA	a.,esk.	Eski biçimine çevirme
İRİN	a.	Organizmanın herhangi bir yerinde iltihaplanma sonunda ölmüş hücre artıklarından ve bozulmuş akyuvarlardan oluşan, mikroplu veya mikropsuz, genellikle sarımtırak renkte koyuca sıvı; cerahat, ufunet
İRİS	a.,anat.	Saydam tabaka ile göz merceği arasında bulunan, ince, kasılabilen bir zardan oluşan, gözün renkli bölümü
İRSÎ	sf.,esk.	► kalıtımsal
İSAL	a.,esk.	► ulaştırma
İSLİ	sf.	İsi olan, islenmiş, is bulaşmış
İŞAR	a.,esk.	Yazı ile bildirme
İŞBA	a.,esk.	Karnını doyurma
İŞVE	a.	► cilve
İTÇE	zf.	Terbiyesiz bir biçimde
İTFA	a.,esk.	► söndürme
İTİŞ	a.	İtmek işi
İTKİ	a.,ruh b.	► tepi
İTME	a.	İtmek işi
İVAZ	a.,esk.	► ödün
İVGİ	a.,ağz.	Ağaç oymaya yarar kesici araç
İYON	a.,kim.,fiz.	Bir veya daha çok elektron kazanmış veya yitirmiş bir atom veya bir atom grubundan oluşmuş elektrik yüklü parçacık; yükün
İYOT	a.,kim.	Atom numarası 53, atom ağırlığı 126,92 olan, tabiatta, deniz suyunda sodyum iyodür durumunda rastlanılan, bazı deniz bitkilerinde de çokça birikmiş olarak bulunan, mavimtırak esmer renkte katı bir element (simgesi I)
İZAÇ	a.,esk.	Bunaltma, tedirgin etme, baş ağrıtma, can sıkma
İZAH	a.	► açıklama
İZAM	a.,esk.	► yollama
İZAN	a.,esk.	► anlayış
İZAZ	a.,esk.	► ağırlama
İZGE	a.	► çeşitlilik
JALE	a.,esk.	► çiy
JANR	a.	► tarz
JİLE	a.	Kadınların genellikle bluz üzerine giydikleri kolsuz elbise
JİPS	a.,min.	► alçı taşı
JUDO	a.,sp.	Jiujitsudan gelişmiş, tutmalara, fırlatmalara, hareketsiz bırakmalara dayanan, Japon kökenli silahsız yapılan dövüş sporu
JURO	a.,jeol.	İkinci Çağ'ın triyasla kretase arasında kalan dönemi
JÜRİ	a.	► seçiciler kurulu
KAÇA	zf.	Ne kadar bir para karşılığında
KAÇI	zm.	Ne kadarı, kaç kişi
KADI	a.,tar.	Tanzimat'a kadar her türlü davaya, Tanzimat ile Medeni Kanun arasındaki dönemde ise yalnız evlenme, boşanma, nafaka, miras davalarına bakan mahkemelerin başkanları
KAFE	a.	İçecek ve hafif yiyeceklerin satıldığı, bazılarında kapı önlerinde oturacak yerlerin bulunduğu ayaküstü yiyecek yerleri
KÂFİ	sf.	► yeter
KAİL	sf.,esk.	Söyleyen
KÂİN	sf.,esk.	Bulunan, olan
KAJU	a.,bit. b.	Antep fıstığıgillerden, yapraklarını dökmeyen, tropikal bir meyve ağacı; bilader ağacı, Amerikan elması (Anacardium occidentale)
KAKA	a.	► dışkı
KALA	zf.	Kaldığında
KAME	a.	Değişik renkli üst üste iki katmandan oluşan ve üstteki katmanına kabartma bir desen yapılan değerli taş
KANA	a.,den.	Geminin çektiği suyu göstermek için baş ve kıç bodoslamaları üzerine konulan işaretler
KANT	a.	Şeker ve limonla içilen sıcak su
KÂSE	a.	Cam, çini, toprak vb.nden yapılmış derince çanak
KAST	a.,top. b.	Ayrıcalıklar bakımından yukarıdan aşağıya doğru kesin ölçülerle sınırlanmış bulunan, en koyu biçimiyle Hindistan'da görülen toplumsal sınıfların her biri
KATİ	sf.	► kesin
KEKA	ünl.	Keyifli bir durum anlatılırken "ne güzel, ne iyi" anlamlarında söylenen bir söz
KEKE	sf.,ağz.	► kekeme
KELE	a.,ağz.	► boğa
KEME	a.,ağz.	Büyük sıçan
KENE	a.,hay. b.	Koyun, köpek, at vb. hayvanların veya insanların derisinde asalak olarak yaşayan, bulaşıcı hastalıklara neden olan böceklerin genel adı; sakırga
KENT	a.	► şehir
KERH	a.,esk.	Tiksinme, iğrenme
KESP	a.,esk.	► kazanma
KIĞI	a.,ağz.	► kığ
KIYA	a.	► cinayet
KİLS	a.,esk.,min.	► kireç taşı
KİPE	a.,sp.	Hızla bükülen kalçanın sert ve birden gerilişiyle, vücudun yatıştan ayaküstü duruşa veya asılmadan dayanmaya geçmesi
KLAN	a.,top. b.	► boy (II)
KLİK	a.	► hizip
KLON	a.,biy.	► kopya
KLOR	a.,kim.	Atom numarası 17, atom ağırlığı 35,5 olan, normal sıcaklıkta gaz durumunda bulunan, halojenlerden bir element (simgesi Cl)
KLÜZ	a.,coğ.	► kanyon
KOÇU	a.,esk.	Süslü bir tür gezme arabası
KOFA	a.,bit. b.	► hasır otu
KOKA	a.,bit. b.	İki çeneklilerden, çiçekleri küçük ve sarımtırak, zeytine benzer meyvesi kırmızı renkte olan, yapraklarından kokain çıkarılan, en çok Peru'da yetişen bir bitki (Erytrroxylon coca)
KORE	a.,tıp	Başlıca belirtisi kısa, çabuk, değişken yapıda irade dışı hareketler olan bir hastalık
KOSA	a.	Bir tür uzun saplı orak
KOŞA	sf.,ağz.	Çift, eş, ikiz
KÖRE	a.,ağz.	► karınca yuvası
KREŞ	a.	► yuva
KROS	a.,sp.	Kırlarda ve ormanlarda, hendeklerden, yükseltilerden, çukurlardan ve akarsulardan geçerek yaya yapılan koşu
KÛFİ	a.	Arap yazısının düz ve köşeli çizgilerle yazılan eski bir biçimi
KUĞU	a.,hay. b.	Perde ayaklılardan, yaban ve evcil türleri bulunan, çok uzun ve kıvrık boyunlu, geniş gagalı, geniş kanatlı bir su kuşu (Cygnus olor)
KÛHİ	sf.,esk.	► ıssız
KULA	a.	Gövdenin sarı veya kirli sarı renkte, yele, kuyruk ve bacağın alt kısmındaki kılların koyu renkte olduğu at donu
KUUT	a.,esk.,din b.	Namazın oturularak kılınan kısmı
KÜNH	a.,esk.	► öz (I)
KÜSÜ	a.,ağz.	► küskünlük
LAİN	sf.,esk.	► lanetli
LAKA	a.	Yol üzerinde oluşan çukur
LAME	a.	Dokusunda çoğunlukla gümüş ve altın renginde tel bulunan kumaş veya metal parlaklığı verilmiş deri
LARP	zf.	► ansızın
LASO	a.	► kement
LAŞE	a.,esk.	► leş
LAVA	ünl.,den.	Herhangi bir yere yanaşmış filikanın kürek çekmeksizin ilerlemesi için verilen buyruk
LAZA	a.,ağz.	Bal koymaya yarayan küçük tekne
LEÇE	a.,ağz.	Taşlı tarla
LENF	a.,anat.	Damarlarda dolaşan kanla, doku ögeleri arasında aracı görevi yapan, kan plazması ve lenfositten oluşan saydam, sarı renkte bir sıvı; ak kan, lenfa
LİET	a.,müz.	► şarkı
LİGA	a.,den.	Üç deniz mili uzunluğunda bir ölçü birimi
LİKA	a.,esk.	Mürekkep hokkalarına konulan ham ipek
LİME	a.,esk.	► parça
LİNÇ	a.	Birden çok kimsenin kendilerine göre suç olan bir davranışından ötürü birini, yasa dışı ve yargılamasız olarak öldürmesi
LİNK	a.,ağz.	Atın eşkin yürüyüşü
LİVA	a.,esk.	► sancak
LOÇA	a.,den.	Gemilerin baş bodoslamalarının her iki yanında, çıpayı içine alabilen ve güverteye açılan demir zincirin geçtiği delik
LODA	a.,ağz.	Taneli veya tanesiz saman yığını
LOGO	a.	► imlek
LOLO	a.,argo	"Bir sözün, bir tutumun veya davranışın gerçek ve geçerli olmadığını, başkalarının söz konusu olayda aldanabileceğini ancak söz sahibinin aldanmayacağını, aldatılamayacağını" belirten bana da mı (veya bize de mi) lolo  deyiminde geçen bir söz; lololo
LOTA	a.,hay. b.	Tatlı sularda yaşayan, bir tür gelincik balığı (Lota vulgaris)
LUTİ	a.,kaba	► oğlancı
LUTR	a.,hay. b.	► su samuru
MAAŞ	a.	► aylık
MAİL	sf.	Eğilimi olan
MAİN	a.,esk.,geom.	► eşkenar dörtgen
MALÇ	a.	Toprak ve rutubet muhafazası amaçları ile çayır ve mera üzerine bırakılan veya başka yerlerden getirilip serpilen her türlü bitki artığı
MANA	a.,dil b.	► anlam
MÂNİ	a.,ed.	Genellikle birinci, ikinci ve dördüncü dizeleri uyaklı olan, daha çok hecenin yedili ölçüsüyle söylenen halk şiiri
MANO	a.,argo	Kumar oynatan kişinin kazançtan aldığı pay
MAPA	a.,den.	Ucu halkalı cıvata
MARN	a.,mdn.	Çok ince taneli kil minerallerinden ve kalsitin değişik oranlardaki karışımından oluşan tortul kayaç
MASK	a.	Genellikle ölünün yüzüne uygulanarak elde edilen yüz kalıbı
MAYİ	a.	► sıvı
MAZI	a.,bit. b.	Servigillerden, yaprakları almaşık ve küçük pullar biçiminde, gövdesi düz olan, dipten dallanan bir süs bitkisi (Thuya)
MAZİ	a.	► geçmiş
MEKE	a.,ağz.	Su kıyılarındaki böcekleri yiyerek yaşayan yaban ördeği
MENİ	a.,fizy.	Erkeklerin cinsel organından salgılanan madde; er suyu, bel (III), atmık, dikel, sperm, sperma
MERİ	sf.,huk.	► geçerli
MESH	a.	Bir şeyi elle sıvazlama
MİÇO	a.,den.	Gemilerde çalışan küçük yaştaki tayfa yamağı; muço
MİDİ	sf.	► orta
MİHR	a.,huk.	Müslüman bir erkeğin nikâh esnasında eşine vermeyi kabullendiği mal veya para
MİNK	a.,hay. b.	► vizon
MİRA	a.,coğ.	Arazi üzerinde seçilmiş bir işaret noktasının düşeyini gösteren, yön belirtmek için uzaktan gözlenen, geometrik biçimli tahta lata
MİRÎ	sf.,esk.	Devletle ilgili, devlete özgü olan, devlet malı olan; beylik
MİSK	a.	Asya'nın yüksek dağlarında yaşayan bir tür erkek ceylanın karın derisi altındaki bir bezden çıkarılan güzel kokulu madde
MİSO	a.	Tuzlu ve zengin çeşnili bir tür tatlandırıcı
MİZA	a.	Kumarda ortaya sürülen para
MONT	a.	Kumaştan veya deriden yapılan, genellikle belden kemerli, üstünde cepleri bulunan, gömlek, hırka vb. üzerine giyilen kısa, hafif giysi; montgomer
MORS	a.,hay. b.	Morsgillerden, Kuzey Atlantik'te yaşayan, derisi, dişi ve yağı için avlanan bir memeli hayvan; denizaygırı (Odobenus rosmarus)
MÖNÜ	a.	343 menü
MUÇO	a.,den.	► miço
MUİN	a.,esk.	► yardımcı
MUİT	a.,esk.	Okullarda çocukları çalıştırmakla görevli kimse, öğretmen yardımcısı
MURÇ	a.	Betonu kırmakta veya betona delik açmakta kullanılan sivri uçlu, çelikten yapılmış bir alet
MURT	a.,bit. b.	Mersin ağacının yazın olgunlaşan, bezelye büyüklüğünde, morumsu siyah, çeşitli hastalıkların tedavisinde kullanılan meyvesi
MUTA	a.,esk.	► veri
MUTİ	sf.,esk.	► itaatli
MÜFT	sf.,esk.	► parasız
MÜGE	a.,bit. b.	► inci çiçeği
MÜRT	sf.	Ölmüş (hayvan)
NAAŞ	a.,esk.	► ceset
NAAT	a.,esk.	Bir şeyin niteliklerini övme
NAFİ	sf.,esk.	► yararlı
NAME	a.,esk.	► mektup
NARH	a.,tic.	Tüketiciyi korumak amacıyla, özellikle temel ihtiyaç maddeleri için resmî makamlarca belirlenen ve her yerde geçerli olan fiyat
NAŞİ	e.,esk.	► ötürü
NATO	sf.	"Söz dinlemez, söz anlamaz, taş gibi kafa" anlamlarındaki nato kafa, nato mermer deyiminde geçen bir söz
NECE	zf.	Hangi dilde, hangi dilden?
NECİ	a.	Ne iş yapar, ne ile uğraşır?
NELİ	sf.	Genellikle yiyecek, içecek içinde veya içeriğinde bulunan şeyi sorarken kullanılan söz
NENE	a.	► nine
NEON	a.,kim.	Atom sayısı 10, atom ağırlığı 20,2, yoğunluğu 0,7 olan, sıvı durumuna getirilmiş havadan elde edilerek ışık araçlarında kullanılan, havada pek az olarak bulunan, asal gazlar sınıfından bir element (simgesi Ne)
NESİ	zm.	Akrabası mı, yakını mı?
NEYE	zf.	► niçin
NİSA	a.,esk.	► kadın
NİTE	zf.,esk.	► nasıl
NİYE	zf.	► niçin
NÖTR	sf.	► etkisiz
ODAK	a.,fiz.	Bir ışık veya ısı kaynağından yayılan ışınların bir mercekten geçtikten veya çukur bir aynadan yansıdıktan sonra toplandığı yer; mihrak, fokus
OĞUZ	sf.,ağz.	İyi huylu (kimse)
OJİT	a.,jeol.	Feldspatla birlikte bazaltların temelini oluşturan, tanecikli, cam parlaklığında olan, siyah renkli volkan taşı
OKAR	a.,hay. b.	► telli balıkçıl
OKEY	a.	Plastik, tahta, mika vb. maddelerden yapılmış taşlar kullanılarak dört kişiyle oynanan ve konkene benzeyen bir tür oyun
OKRA	a.,ağz.	Zayıf düşmüş hayvanların derilerinin altında yaşayan ve hastalanmalarına yol açan bir tür kurtçuk
OKSU	sf.,bit. b.	Biçimi oka benzeyen (yaprak)
OKUR	a.	► okuyucu
OLDU	ünl.	► evet
OLEY	ünl.	► yaşa
OLMA	a.	Olmak işi
OLUŞ	a.	Olmak işi; vuku
ONAM	a.	► rıza
ONAR	sf.	On sayısının üleştirme sayı sıfatı
ONAT	sf.,esk.	Özenli, düzgün, uygun olan
ONCA	sf.	O kadar, o denli
ONUM	a.	Kötü bir durumdan kurtulma
ORSA	a.,den.	Yelkenleri rüzgârın estiği yöne çevirmekte kullanılan, her iki taraftan yelkenin ortasına bağlanan ip
ORUN	a.	Özel yer
ORYA	a.	► karo
OTÇU	a.,ağz.	Köylerde hekimlik yapan kimse
OTLU	sf.	Otu olan
OVMA	a.	Ovmak işi; friksiyon
OYSA	bağ.	Aralarında karşıtlık, aykırılık bulunan iki cümleyi “tersine olarak, aksine” anlamlarıyla birbirine bağlayan bir söz; oysaki, hâlbuki
OYUM	a.	Oyma işi
OYUŞ	a.	Oymak işi
OZAN	a.	► şair
ÖBEK	a.	► küme
ÖBÜR	sf.	► öteki
ÖÇLÜ	sf.	Kin ve intikam dolu, öç alma isteğinde olan
ÖDEM	a.,tıp	Dokularda, hücreler arası boşluklarda, bazı iç organlarda genellikle de yüzde, ellerde, ayaklarda aşırı miktarda sıvı birikmesi
ÖDÜN	a.	Uzlaşmaya varabilmek için hak, istek veya savlarının bir bölümünden, karşı taraf yararına vazgeçme; ödünleme, ivaz, taviz
ÖĞLE	a.	Güneşin gökyüzünde en yüksek noktada bulunduğu sabahla ikindi arasındaki zaman dilimi; gün ortası, öğlen, öğle vakti, nısfınnehar, zeval
ÖĞÜR	a.,ağz.	► akran
ÖKSE	a.	Ökse otu saplarından veya çobanpüskülü kabuklarından çıkarılan yapışkan macun
ÖLET	a.,ağz.	► kıran (I)
ÖLME	a.	Ölmek durumu; fevt, kabız, uful
ÖLÜK	sf.,ağz.	Canlılığı azalmış; hâlsiz
ÖLÜŞ	a.	Ölme işi
ÖNEL	a.,huk.	► mehil
ÖNLÜ	sf.	Ön tarafı olan
ÖPME	a.	Öpmek işi
ÖPÜŞ	a.	Öpmek işi
ÖREK	a.,ağz.	► duvar
ÖREN	a.	Ait olduğu eski uygarlık hakkında fikir edinmemizi sağlayan kültür ve tabiat kalıntılarından oluşan alan
ÖRFİ	sf.	Örfle ilgili
ÖRGE	a.	► motif
ÖRÜK	a.	Kendi ipiyle onarılmış kısım
ÖRÜM	a.,ağz.	Sürünün gece veya sabaha karşı otlaması
ÖRÜŞ	a.	Örmek işi
ÖTME	a.	Ötmek işi
ÖTRE	a.	Arap harfli metinlerde bir ünsüzün o, ö, u, ü seslerinden biriyle okunacağını gösteren işaret; zamme
ÖTÜŞ	a.	Ötmek işi
ÖVEÇ	a.,ağz.	İki üç yaşındaki erkek koyun
ÖVME	a.	Övmek işi; sena, medih, sitayiş
ÖVÜŞ	a.	Övmek işi
ÖZEK	a.	► merkez
ÖZGE	sf.	► başka
ÖZGÜ	sf.	Birine, bir şeye ait olan; öze, has, mahsus (I)
PAHA	a.	► fiyat
PAKT	a.	► antlaşma
PANÇ	a.	Ahşap, alçı, kartonpiyer vb. üzerinde delik açma aleti
PAPA	a.,din b.	Roma Katolik kilisesinin, bir meclis tarafından seçilen, Vatikan'da oturan ve Hz. İsa'nın vekili sayılan başkanı
PARE	a.	► parça
PARS	a.,hay. b.	Kedigillerden, genellikle Asya ve Afrika'nın sıcak bölgelerinde yaşayan, postu benekli, bazen de düz siyah, çevik, yırtıcı, etçil, memeli hayvan; leopar, panter, pelenk (Panthera pardus)
PENA	a.	► mızrap
PENÇ	a.	► beş
PEPE	sf.	Dudak sesleriyle başlayan kelimelerin ilk seslerini güçlükle söyleyen ve ancak birkaç kez tekrarladıktan sonra arkasını getirebilen (kimse); pepeme
PEST	sf.	► pes (II)
PIŞT	a.	Islıklı ses
PİKO	a.	Kimi örtülerin veya çamaşırların kenarına makineyle yapılan bir süs türü
PİLİ	a.	Kumaş, kâğıt vb.nde bir bölümün öbürünün üzerine getirilmesiyle oluşturulan kıvrım, kırma
PİPİ	a.	Çocuk dilinde erkeklik organı
PİPO	a.	Ucundaki lüle içine tütün konulan ve yakılarak dumanı çekilen kısa, çubuk biçimindeki tütün içme aracı
PİRE	a.,hay. b.	Pireler takımından, insanın ve bazı hayvanların kanını emerek yaşayan, iyi sıçradığı için kolay yakalanamayan, küçük, asalak böcek (Pulex)
POPO	a.,tkz.	► kıç
PUHU	a.,hay. b.	Baykuşgillerden, orman, dağ ve kayalıklarda yaşayan, uzunluğu yaklaşık 65 santimetre, sırtı koyu kahverengi bir tür kuş (Bubo bubo)
PUMA	a.,hay. b.	Kedigillerden, parstan biraz büyük, sırtı kahverengi, karnı beyaz, Amerika’da yaşayan bir tür yırtıcı memeli; Yeni Dünya aslanı; dağ aslanı (Feis concolor)
PUNÇ	a.	Çay, şeker, tarçın, limon karışımına rom veya kanyak gibi damıtılmış alkollü bir içki katılarak yapılan ve buharlaşan alkolü yakıldıktan sonra içilen bir içki türü
PUPA	a.,den.	Geminin arkası; kıç
PURO	a.	► yaprak sigarası
PUŞT	a.,kaba	Eş cinsel erkeklerin cinsel zevklerine hizmet eden erkek
RACİ	sf.,esk.	Geri dönen
RAHT	a.,esk.	At takımı
RAKI	a.	Üzüm, incir, erik vb. meyvelerin alkolle mayalanarak damıtılmasıyla elde edilen içki; aslansütü, imamsuyu
RAMİ	a.,bit. b.	Isırgangillerden, Çin, Vietnam ve Malezya'da yetişen değerli bir bitki (Boehmeria nivea)
RAMP	a.,tiy.	Bir tiyatro sahnesinin önünde, ışık ve ışıldakların yerleştirildiği, izleyiciye en yakın yer
RANT	a.,ekon.	► getirim
RAŞE	a.,esk.	Titreyiş, ürkme
RATE	sf.	► başarısız
REEL	sf.	► gerçek
REHA	a.,esk.	► kurtuluş
REYE	sf.	Çubuklu çizgileri olan (kumaş)
REZE	a.	► menteşe
RİCA	a.	► dileme
RİKA	a.	Arap harflerinin en çok kullanılan el yazısı biçimi
RİNA	a.,hay. b.	► tırpana
RİYA	a.	► ikiyüzlülük
ROBA	a.	Bir giyeceğin göğüsle omuz arasında kalan bölümüne eklenen parça
RODA	a.,den.	Yöntemine uygun düzgün sarılmış halat yumağı
ROKA	a.,bit. b.	Turpgillerden, yaprakları salata gibi yenen, 20-40 santimetre yüksekliğinde, sebze olarak bahçelerde yetiştirilen, kokulu, bir iki yıllık bir bitki (Eruca sativa)
ROZA	a.	Bir tür pembe elmas
RUAM	a.,esk.,hay. b.	► sakağı
RUBA	a.,esk.	► giysi
RUHİ	sf.	► ruhsal
RUMİ	sf.,tar.	Anadolu ile ilgili, Anadolu'ya bağlı, Anadolu'da yaşayan
RÜKÛ	a.	Öne doğru eğilme
RÜŞT	a.	► erginlik
SABA	a.,müz.	Klasik Türk müziğinde bir birleşik makam
SAGU	a.	Bazı hurma ağaçlarının özünden çıkarılan ve pirinç gibi kullanılan nişastalı bir madde; Hint irmiği
SAĞI	a.	Kuş gübresi
SAHİ	zf.	► gerçekten
SAHN	a.,esk.	► avlu
SAKO	a.,esk.	Paltoya benzer bir tür üstlük
SALA	a.	343 sela
SAMİ	sf.	İşiten
SARA	a.,tıp	Zaman zaman kendini kaybederek olduğu yere düşme, vücutta şiddetli çırpınmalar ve ağız köpürmesi ile ortaya çıkan bir sinir hastalığı; tutarık, tutarak, tutarga, yilbik, epilepsi
SÂRİ	sf.,esk.	Başkasına geçen
SATI	a.,ağz.	Satmak işi; satış
SAVA	ağz.	► muştu
SAYA	a.	Ayakkabının yumuşak olan üst bölümü
SECİ	a.,ed.	Nesirde yapılan uyak
SEÇİ	a.	Seçmek işi
SEKS	a.,biy.	► cinsiyet
SELA	a.,din b.	Müslümanları bayram veya cuma namazına çağırmak, bazı yerlerde cenaze için kılınacak namazı haber vermek amacıyla minarelerde okunan dua
SELP	a.,esk.	Zorla alma, kapma
SEME	sf.	Sersem, ahmak, alık
SENA	a.,esk.	► övme
SENE	a.	► yıl
SEPİ	a.	Deri, post vb.ni kullanabilecek duruma getirmek için uygulanan işlemlerin tümü
SERE	a.,ağz.	Açık duran başparmağın ucundan işaret parmağının ucuna kadar olan uzaklık; sele (III)
SEVİ	a.	► aşk
SEZA	sf.,esk.	Uygun, yaraşır, bir şeye değer
SEZÜ	a.,bit. b.	► mantar meşesi
SIDK	a.,esk.	Doğruluk, gerçeklik
SIMA	a.	Sımak durumu veya biçimi
SİGA	esk.,db.	► fiil çekimi
SİLİ	a.	Kilim, yünden dokunmuş yaygı
SİLO	a.	Tahıl vb. ürünlerin korunduğu, saklandığı veya depolandığı, genellikle silindir biçiminde ambar; sarpın
SİYA	a.,den.	Kürekleri tersine kullanarak sandalı geriye yürütme
SKİF	a.,den.	İçine yalnız kürek çekenin girebildiği çok uzun ve çok dar yarış kayığı
SKOR	a.,sp.	► sonuç
SLAP	a.	Büyük yassı levha
SLİP	a.	Paçasız ve bedeni sıkıca saracak biçimde dikilmiş erkek donu
SNOP	sf.	► züppe
SOBE	a.	Genellikle kovalamaca, saklambaç vb. çocuk oyunlarında, daha önce kararlaştırılmış yere ebeden önce davranıp ulaşıldığında söylenen söz
SODA	a.	Suya karbondioksit ve bikarbonat eklenerek elde edilen, sindirimi kolaylaştırmak için kullanılan içecek
SOKU	a.,ağz.	Taştan yapılmış dibek
SOMA	a.,anat.	Cinsiyet hücreleri dışında, vücut hücrelerinin tümü
SOTA	sf.,argo	Uygun, elverişli (yer)
SOTE	a.	Küçük küçük doğranmış et, ciğer, böbrek, mantar vb. şeyler yağda hafifçe kavrulduktan sonra su, domates, biber vb. katılarak yapılan bir tür yemek
SÖBE	sf.	► oval
SPAM	a.	İstenmediği hâlde genel ağ ve sosyal medyada çok sayıda alıcıya aynı anda gönderilen gereksiz veya uygunsuz ileti
SPİN	a.	“Genellikle gösteri amaçlı olarak aracın arka tarafını kontrollü veya kontrolsüz bir biçimde değişik yönlere savurmak” anlamındaki spin atmak birleşik fiilinde geçen bir söz
STAR	a.	► yıldız
STEN	a.,ask.	Çapı 9 milimetre olan, İngiliz yapısı, hafif, kullanışı kolay bir tür makineli tüfek
STER	a.	Yığın durumundaki yakacak odun için kullanılan, bir metreküpe eşit hacim ölçüsü birimi
STİL	a.	► tarz
SUFİ	a.,din b.	► mutasavvıf
SULH	a.	► barış
SULP	a.,esk.	Bel kemiği, omurga
SUMA	a.	İlk damıtılan ve içinde anason bulunmayan rakı
SUNİ	sf.	► yapay
SURA	a.	Yumuşak ince bir tür ipekli kumaş
SUŞİ	a.	İnce şerit biçimindeki yosun tabakasının içine çiğ balık, yağsız, tuzsuz haşlanmış pirinç ve özel baharat karışımının konulmasıyla hazırlanan Japon yemeği
SÜJE	a.	► konu
SÜLF	a.,esk.,kim.	► kükürt
SÜNE	a.,hay. b.	Yarım kanatlılardan, yumurtalarını ekin yapraklarına bırakan, esmer renkli, zararlı bir böcek (Eurigaster integriceps)
ŞAFT	a.,tek.	Bir makinenin dönme hareketini öteki parçalara aktaran ve ucuna dişli çarklar, tekerlekler veya pervane bağlanan demir mil
ŞAKİ	a.	► haydut
ŞALİ	a.,esk.	Tiftikten yapılan bir cins ince kumaş
ŞALT	a.	► şalter
ŞAMA	a.,esk.	Bal mumuna veya parafine batırılmış fitil
ŞARJ	a.,fiz.	► yükleme
ŞARK	a.,esk.,coğ.	► doğu
ŞASE	a.	İçine mendil, gecelik vb. şeyleri koymaya yarayan, çeşitli büyüklükte, kumaştan koruncak
ŞAVK	a.,ağz.	► ışık
ŞECİ	sf.,esk.	Yürekli, yiğit olan
ŞELF	a.,coğ.	► kıta sahanlığı
ŞEMS	a.,esk.	► güneş
ŞENİ	sf.,esk.	Kötü, çirkin, alçakça, utanç verici
ŞERÇ	a.,esk.,anat.	► anüs
ŞERİ	sf.,esk.	İslam hukukuyla ilgili
ŞİLE	a.,bit. b.	► mercanköşk
ŞİLT	a.	Üzerine genellikle bir kurum veya kuruluşun adı, işareti kazınmış veya basılmış olan ve armağan olarak bir kimse veya takıma verilen levha; ergilik
ŞİME	a.	► huy
ŞİRK	a.,din b.	Tanrı’nın birden çok olduğuna inanma, Tanrı’ya ortak koşma; eş koşma
ŞİST	a.,min.	Kolayca yapraklara ayrılabilen, silisli, alüminli tortul kayaçların genel adı
ŞİTA	a.,esk.	► kış (I)
ŞOKE	sf.	"Birdenbire şaşırtmak, hoşa gitmeyecek bir şey yapmak" anlamlarındaki şoke etmek ve "birdenbire şaşırmak, hoşa gitmeyecek bir şeyle karşılaşmak" anlamlarındaki şoke olmak deyimlerinde kullanılan bir söz
ŞUFA	a.,esk.,huk.	► ön alım
ŞULE	a.,esk.	► alev (I)
ŞÛRA	a.	Bir alanla ilgili olarak oluşturulan danışma kurulu
ŞUUR	a.,ruh b.	► bilinç
ŞÜYU	a.,esk.	Herkesçe duyulma, yayılma
TAAT	a.	Allah'ın buyruklarını yerine getirme, ibadet etme
TABL	a.,esk.	► davul
TAKA	a.,den.	Doğu Karadeniz Bölgesi'ne özgü yelkenli bir tür kıyı teknesi
TALİ	sf.,esk.	► ikincil
TALK	a.,min.	Genellikle açık yeşil, toz durumundayken yağlı bir görünümde, özgül ağırlığı 2,7, sertliği 1 olan, hidratlı doğal magnezyum
TAMU	a.,esk.,din b.	► cehennem
TAPI	a.,esk.	Tapınılan şey
TAPİ	a.	Pokerde kâğıtlar dağıtılmadan önce oyunculardan birinin fiş veya parasını ortaya sürdükten sonra önünde fişi veya parası kalmadığını belirtmek için söylediği söz
TASA	a.	► kaygı
TAUN	a.,esk.,tıp	► veba
TAYA	a.,esk.	► dadı
TAZI	a.,hay. b.	Genellikle tavşan avında kullanılan, uzun bacaklı, çekik karınlı, çok çevik bir tür köpek (Canis familiaris grajus hibernicus)
TEFE	a.	Dokuma tezgâhında tarağı tutan ağaç veya metal parça
TEHİ	sf.,esk.	► boş
TEİN	a.	Çayda bulunan ve kafein niteliğinde olan etkili madde
TELA	a.	Kumaşla astar arasına konularak giysinin dik durmasını sağlayan kolalı bez
TEPİ	a.,ruh b.	Bir işi yapmak, harekete geçmek için duyulan ve bireyin engelleyemeyeceği kadar güçlü istek; içtepi, itki
TIPA	a.	► tapa
TIRT	sf.,argo	İşe yaramayan (kimse)
TİFO	a.,tıp	Kirli sularda, bu sularla sulanmış sebzelerde bulunan, mikroplarla oluşan, ortalama üç hafta süren, ateşli ve tehlikeli bir bağırsak hastalığı; karahumma
TİPİ	a.	► kar fırtınası
TİPO	a.	Kurşundan dökülmüş harflerin bir araya getirilmesiyle yapılan bir baskı türü
TİTR	a.	► ünvan
TOFU	a.	► soya eti
TOHT	a.,ağz.	Çoban köpeklerinin boynuna takılan dikenli demir tasma
TOPU	zm.	► hepsi
TRAP	a.	Hendek, tuzak
TRAS	a.	Volkanik tüf
TRİO	sf.,müz.	► üçlü
TROK	a.	► değişim
TUFA	a.,argo	Özellikle geceleri yapılan silahlı hırsızlık, soygun
TULU	a.,esk.	Güneşin doğması, doğuşu
TUMP	a.	Toprak parçası, toprak seti, yığını
TÜLÜ	a.,hay. b.	Özel güreşlerde yararlanılan, çift hörgüçlü, uzun tüylü erkek deve
TÜRE	a.,esk.	► adalet
TÜZE	a.	► hukuk
UÇAK	a.	Kanatlarının altındaki havanın yaptığı basınç yardımıyla yükselip ilerleyebilen motorlu hava taşıtı; tayyare
UÇAR	sf.	Uçan, uçucu olan
UÇLU	sf.	Ucu olan, ucu çıkan
UÇMA	a.	Uçmak işi
UÇUN	a.	Bayrağın uçkurluk karşısındaki kenarı
UFKİ	sf.,esk.,mat.	► yatay
UFUL	a.,esk.	Batma, gözden kaybolma
UĞRA	a.,ağz.	Yufka açılırken hamurun tahtaya yapışmaması için serpilen kalın un
UĞRU	a.,esk.	► hırsız (I)
UĞUT	a.,ağz.	Çimlenmiş buğdayın kaynatılmasıyla yapılan bir çeşit yemek
ULAÇ	a.,db.	► zarf-fiil
ULAK	a.	► haberci
ULAM	a.	► kategori
ULAN	ünl.	Öfke, şaşkınlık ve nefret anlatan bir seslenme sözü; lan, ülen
ULUM	a.,esk.	Bilimler, ilimler
UMAR	a.	► çare
UMMA	a.	Ummak işi
UMUM	sf.	► bütün
UMUŞ	a.	Ummak işi
UNCU	a.	Un satan kimse
UNSU	sf.	Un gibi olan, unu andıran
URAY	a.,esk.	► belediye
URBA	a.,ağz.	► giysi
URUK	a.,esk.	► soy
URUP	a.,ağz.	Arşının sekizde biri uzunluğundaki ölçü
USAT	esk.	İsyancılar, başkaldıranlar, asiler
USÇU	sf.,fel.	► akılcı
UTÇU	a.,müz.	Ut yapan veya satan kimse
UTKU	a.	► zafer
UTLU	sf.	Utanma duygusu olan
UTMA	a.	Utmak işi
UYAK	a.,ed.	► kafiye
UYAR	sf.	Uygun olan
UYGU	a.	► uygulama
UYMA	a.	Uymak işi
UYUR	sf.	Uyuyan, uyku hâlinde olan
UZAM	a.,fel.	Algılanan nesnelerin temel niteliği
UZUV	a.,anat.	► organ
UZVİ	sf.,esk.	Organla ilgili
ÜÇER	sf.	Üç sayısının üleştirme sayı sıfatı
ÜLEN	a.,ağz.	► ulan
ÜLEŞ	a.	► pay
ÜLÜŞ	a.,esk.,top. b.	Kesilen hayvanın etinden alınan pay
ÜMİT	a.	► umut
ÜMÜK	a.,ağz.	► boğaz
ÜNLÜ	sf.	Herkesçe bilinen, ün salmış olan; angın, adlı sanlı, anlı şanlı, şöhretli, tanınmış, meşhur, şanlı, namlı (I), namdar
ÜRAT	a.,kim.	Sidik asidi tuzu
ÜREM	a.,ekon.	► faiz
ÜRKÜ	a.	► panik
ÜSTE	a.	Bir mal değişiminde, malı daha değerli olanın aldığı para
ÜŞME	a.	► üşüşme
ÜTME	a.	Ütmek işi
ÜVEZ	a.,bit. b.	Gülgillerden, orta boylu bir ağaç (Pirus sorbus)
ÜZGÜ	a.	► eziyet
ÜZME	a.	Üzmek işi; tazip
ÜZRE	e.	343 üzere
VAHİ	sf.,esk.	► saçma
VAKS	a.	Bal mumunun sanayide mat yüzeyleri parlak ve kaygan duruma getiren türü
VALE	a.	Otel, restoran, alışveriş merkezi, düğün salonu vb. yerlerde gelen müşteri ve misafirlerin araçlarını otoparka park etmekle görevli kimse
VÂLE	a.	Genişlikleri ve çözgü tellerinin sayısı yönünden taftaya benzeyen, dokunduktan sonra pişirilmiş, ince ipekli kumaş
VALF	a.	► vana
VAMP	a.	Erkekleri peşinde koşturan, aşırı tavır, kıyafet veya makyajıyla bakışları üzerinde toplayan, baştan çıkarıcı kadın
VÂSİ	sf.,esk.	► geniş
VASL	a.	► kavuşma
VAZO	a.	Çiçek koymak için kullanılan, cam, toprak, porselen vb. maddelerden ve çeşitli madenlerden yapılan, türlü boyut ve biçimlerde olabilen kap; çiçeklik
VECA	a.,esk.	► ağrı
VECT	a.	Sevgi veya heyecandan doğan coşkunluk, kendinden geçme; esrime
VENA	a.,anat.	► toplardamar
VERE	a.,tar.	► vire
VEYA	bağ.	Ayrı olmakla birlikte aynı değerde tutulan iki şeyi anlatan kelimelerden ikincisinin önüne getirilen söz; yahut, veyahut
VİDO	a.	Oyunda kazanılacak parayı iki katına çıkarma
VİRA	zf.	► aralıksız
VİRE	a.,tar.	Bir kalenin veya tahkim edilmiş bir yerin teslimi; vere
VİRT	a.,esk.	Dinî bir sözü sürekli tekrarlama
VİYA	a.,den.	Dümeni ortaya alarak gemiyi bulunduğu doğrultuda yürütme
VOLİ	a.,den.	Balıkçı kayıklarının balıkları çevirmek için denize fırdolayı ağ salmaları
VUKU	a.,esk.	► oluş
YABA	a.	Harman savurmakta kullanılan, çatal biçiminde, tahtadan tarım aracı
YAĞI	a.,esk.	► düşman
YEKE	a.,den.	Kayıkta dümeni kullanmak için dümenin baş tarafına takılan kol
YEME	a.	Yemek işi
YIKI	a.	► harabe
YISA	ünl.	Birçok kişinin birlikte yaptığı işte birbirlerine gayret vermek için söylenen bir söz
YOMA	a.,den.	Sabit manevralarda ve gemileri bağlamada kullanılan, üç veya dört kollu halat
YONT	a.,ağz.	Başıboş hayvan
YUHA	ünl.	► yuh
YUKA	a.,ağz.	Zayıf, ince, hafif olma
YUMA	a.	► yıkama
YUNA	a.,ağz.	► belleme (II)
ZADE	a.,esk.	► oğul
ZAİT	sf.,esk.	Çoğaltan, artıran
ZATÎ	sf.,esk.	► kişisel
ZATİ	zf.	► zaten
ZEDE	a.	Vurma, çarpma, düşme sonunda oluşan yara veya ezilme
ZEKÂ	a.,ruh b.	İnsanın düşünme, akıl yürütme, öğrenme, kavramları ve nesneleri zihinde canlandırabilme, objektif gerçekleri algılama, yargılama, sonuç çıkarma, bedeni kontrol edebilme, duyguları doğru algılayabilme, değerlendirebilme, icat edebilme vb. yeteneklerinin ve becerilerinin tamamı; anlak, dirayet, feraset
ZEVÇ	a.,esk.	► koca (I)
ZINK	a.	"Birdenbire durmak" anlamındaki zınk diye durmak deyiminde geçer
ZİLİ	a.	Enine ve boyuna motifleri olan, daha çok yolluk olarak kullanılan kilim
ZİNA	a.	Aralarında evlilik bağı olmayan kişiler arasındaki cinsel ilişki
ZİRA	bağ.	► çünkü
ZONA	a.,tıp	Deride, sinirler boyunca, özellikle gövde, bacak ve yüzde birtakım ağrılı fiskelerle beliren, mikroplu bir hastalık
ZONK	a.	"Zonklamak" anlamındaki zonk zonk atmak, "vücudun bir yeri çok zonklamak" anlamındaki zonk zonk zonklamak deyimlerinde geçer
ZÜHT	a.,esk.,din b.	► takva