LAKA	23	a.	Yol üzerinde oluşan çukur
YABA	22	a.	Harman savurmakta kullanılan, çatal biçiminde, tahtadan tarım aracı
JÜRİ	18	a.	► seçiciler kurulu
TAKA	18	a.,den.	Doğu Karadeniz Bölgesi'ne özgü yelkenli bir tür kıyı teknesi
AHAR	15	a.	Hattatların kâğıt cilalamak için kullandıkları nişasta ve yumurta akından yapılan özel bir karışım
DATA	13	a.	► veri
EKTİ	13	sf.	Her yiyeceği canı çeken
JANR	12	a.	► tarz
JİLE	11	a.	Kadınların genellikle bluz üzerine giydikleri kolsuz elbise
LARP	11	zf.	► ansızın
OKAR	10	a.,hay. b.	► telli balıkçıl
RİKA	10	a.	Arap harflerinin en çok kullanılan el yazısı biçimi
STAR	10	a.	► yıldız
ÇUKA	9	a.,hay. b.	Akdeniz, Marmara ve Karadeniz'de yaşayan tekirlerin irisi
ORSA	9	a.,den.	Yelkenleri rüzgârın estiği yöne çevirmekte kullanılan, her iki taraftan yelkenin ortasına bağlanan ip
PAHA	9	a.	► fiyat
PAKT	9	a.	► antlaşma
SABA	9	a.,müz.	Klasik Türk müziğinde bir birleşik makam
ÜNLÜ	9	sf.	Herkesçe bilinen, ün salmış olan; angın, adlı sanlı, anlı şanlı, şöhretli, tanınmış, meşhur, şanlı, namlı (I), namdar
VİRA	9	zf.	► aralıksız
FAAL	8	sf.	► etkin
GATO	8	a.	► pasta (I)
İDEA	8	a.	► düşünce
İNAK	8	a.,fel.	► dogma
MANA	8	a.,dil b.	► anlam
SALA	8	a.	343 sela
YEKE	8	a.,den.	Kayıkta dümeni kullanmak için dümenin baş tarafına takılan kol
AKAÇ	7	a.	Bir yerde birikip kalan sıvıları, bir işlem sonunda geriye kalan artıkları, gereksiz nesneleri dışarıya akıtmak için kullanılan boru vb. araç
AKAK	7	a.,coğ.	► yatak
CHAT	7	a.	343 sanal sohbet
ODAK	7	a.,fiz.	Bir ışık veya ısı kaynağından yayılan ışınların bir mercekten geçtikten veya çukur bir aynadan yansıdıktan sonra toplandığı yer; mihrak, fokus
ÖBEK	7	a.	► küme
RAMİ	7	a.,bit. b.	Isırgangillerden, Çin, Vietnam ve Malezya'da yetişen değerli bir bitki (Boehmeria nivea)
RATE	7	sf.	► başarısız
RİNA	7	a.,hay. b.	► tırpana
ROBA	7	a.	Bir giyeceğin göğüsle omuz arasında kalan bölümüne eklenen parça
ROKA	7	a.,bit. b.	Turpgillerden, yaprakları salata gibi yenen, 20-40 santimetre yüksekliğinde, sebze olarak bahçelerde yetiştirilen, kokulu, bir iki yıllık bir bitki (Eruca sativa)
TASA	7	a.	► kaygı
TRAP	7	a.	Hendek, tuzak
UTÇU	7	a.,müz.	Ut yapan veya satan kimse
ZONA	7	a.,tıp	Deride, sinirler boyunca, özellikle gövde, bacak ve yüzde birtakım ağrılı fiskelerle beliren, mikroplu bir hastalık
ETAP	6	a.,sp.	► aşama
FİİL	6	a.	► eylem
GRES	6	a.	► makine yağı
HARA	6	a.	Atların yetiştirildiği ve bakımlarının yapıldığı, hayvanların rahatça hareket etmelerini sağlayan alanların bulunduğu tesis
İKAZ	6	a.	► uyarı
KALA	6	zf.	Kaldığında
KEKA	6	ünl.	Keyifli bir durum anlatılırken "ne güzel, ne iyi" anlamlarında söylenen bir söz
KLAN	6	a.,top. b.	► boy (II)
KLOR	6	a.,kim.	Atom numarası 17, atom ağırlığı 35,5 olan, normal sıcaklıkta gaz durumunda bulunan, halojenlerden bir element (simgesi Cl)
MAİL	6	sf.	Eğilimi olan
REEL	6	sf.	► gerçek
SKİF	6	a.,den.	İçine yalnız kürek çekenin girebildiği çok uzun ve çok dar yarış kayığı
TRİO	6	sf.,müz.	► üçlü
ULAM	6	a.	► kategori
ÜMİT	6	a.	► umut
YUMA	6	a.	► yıkama
ZİRA	6	bağ.	► çünkü
ACEM	5	a.,müz.	Klasik Türk müziğinde kullanılan birleşik bir makam
AKİS	5	a.	► yansı
BERK	5	sf.	► sert
FABL	5	a.,ed.	Kahramanları çoklukla hayvanlardan seçilen, sonunda ders verme amacı güden, genellikle manzum hikâye; öykünce
GRİL	5	a.	► ızgara
İNAL	5	a.	Kendisine inanılan kimse
KLİK	5	a.	► hizip
LUTR	5	a.,hay. b.	► su samuru
MİDİ	5	sf.	► orta
RANT	5	a.,ekon.	► getirim
REYE	5	sf.	Çubuklu çizgileri olan (kumaş)
RİYA	5	a.	► ikiyüzlülük
SARA	5	a.,tıp	Zaman zaman kendini kaybederek olduğu yere düşme, vücutta şiddetli çırpınmalar ve ağız köpürmesi ile ortaya çıkan bir sinir hastalığı; tutarık, tutarak, tutarga, yilbik, epilepsi
STEN	5	a.,ask.	Çapı 9 milimetre olan, İngiliz yapısı, hafif, kullanışı kolay bir tür makineli tüfek
TEİN	5	a.	Çayda bulunan ve kafein niteliğinde olan etkili madde
TELA	5	a.	Kumaşla astar arasına konularak giysinin dik durmasını sağlayan kolalı bez
TİTR	5	a.	► ünvan
AFİŞ	4	a.	Bir şeyi duyurmak veya tanıtmak için hazırlanan, kalabalığın görebileceği yere asılmış, genellikle resimli duvar ilanı; ası
AGEL	4	a.	Arap erkeklerinin kefiyelerinin üzerine bağladıkları, yünden örülmüş kalın çember bağ
ANCA	4	zf.	O kadar
AORT	4	a.,anat.	► ana atardamar
APRE	4	a.	Kumaş veya derinin cilalanması
ARYA	4	a.,müz.	Operalarda solistlerden birinin orkestra eşliğinde söylediği, genellikle kendi içinde bütünlüğü olan parça
ASES	4	a.,tar.	Osmanlı Devleti'nde Yeniçeri Ocağı'nın kaldırılmasından önceki güvenlik görevlisi
AYÇA	4	a.	► hilal
BREŞ	4	a.,jeol.	Doğal çimento ile lavlı, kavkılı, kabuklu, kemikli kırıntıların kaynaşmasıyla oluşmuş kütle
BUAT	4	a.,fiz.	Elektrik akımı devrelerinde birleştirme yapmak veya akımı bir veya daha fazla kola ayırmak için kullanılan kutu
DANE	4	a.	► kuş yemi
DORE	4	a.	► altın sarısı
ELİT	4	sf.	► seçkin
EMAY	4	a.	Bazı maddeleri korumak, belirli bir parlaklık kazandırmak veya boyamak için kullanılan, saydam veya donuk cama benzeyen cila
FOŞA	4	a.,bit. b.	Tombul fındık grubunda standart bir tür fındık
JİPS	4	a.,min.	► alçı taşı
LASO	4	a.	► kement
MİÇO	4	a.,den.	Gemilerde çalışan küçük yaştaki tayfa yamağı; muço
OKEY	4	a.	Plastik, tahta, mika vb. maddelerden yapılmış taşlar kullanılarak dört kişiyle oynanan ve konkene benzeyen bir tür oyun
REZE	4	a.	► menteşe
RİCA	4	a.	► dileme
RÜŞT	4	a.	► erginlik
SAYA	4	a.	Ayakkabının yumuşak olan üst bölümü
VAZO	4	a.	Çiçek koymak için kullanılan, cam, toprak, porselen vb. maddelerden ve çeşitli madenlerden yapılan, türlü boyut ve biçimlerde olabilen kap; çiçeklik
AKSE	3	a.,tıp	► kriz
ASAN	3	sf.	► kolay
ÇIKI	3	a.	► çıkın
DEFO	3	a.	► bozukluk
DİYA	3	a.	► slayt
DREN	3	a.	► ark
EBET	3	a.	Sonu olmayan gelecek zaman; sonsuzluk
EDER	3	a.	► fiyat
FAVA	3	a.	İçine limon, şeker ve zeytinyağında pembeleştirilmiş soğan koyularak suda haşlanan bakla tanelerinin püre kıvamına getirilmesiyle yapılan ezme
FUTA	3	a.,den.	Dar, uzun ve hafif bir yarış kayığı; kik
GAZA	3	a.,din b.	İslam dinini korumak veya yaymak amacıyla Müslüman olmayanlara karşı yapılan kutsal savaş
GÖZE	3	a.,anat.,biy.	► hücre
İMAR	3	a.	► bayındırlık
İMİK	3	a.	► gırtlak
İŞVE	3	a.	► cilve
KOSA	3	a.	Bir tür uzun saplı orak
LAME	3	a.	Dokusunda çoğunlukla gümüş ve altın renginde tel bulunan kumaş veya metal parlaklığı verilmiş deri
MARN	3	a.,mdn.	Çok ince taneli kil minerallerinden ve kalsitin değişik oranlardaki karışımından oluşan tortul kayaç
MORS	3	a.,hay. b.	Morsgillerden, Kuzey Atlantik'te yaşayan, derisi, dişi ve yağı için avlanan bir memeli hayvan; denizaygırı (Odobenus rosmarus)
NEON	3	a.,kim.	Atom sayısı 10, atom ağırlığı 20,2, yoğunluğu 0,7 olan, sıvı durumuna getirilmiş havadan elde edilerek ışık araçlarında kullanılan, havada pek az olarak bulunan, asal gazlar sınıfından bir element (simgesi Ne)
NÖTR	3	sf.	► etkisiz
PENA	3	a.	► mızrap
PİKO	3	a.	Kimi örtülerin veya çamaşırların kenarına makineyle yapılan bir süs türü
PUMA	3	a.,hay. b.	Kedigillerden, parstan biraz büyük, sırtı kahverengi, karnı beyaz, Amerika’da yaşayan bir tür yırtıcı memeli; Yeni Dünya aslanı; dağ aslanı (Feis concolor)
SAGU	3	a.	Bazı hurma ağaçlarının özünden çıkarılan ve pirinç gibi kullanılan nişastalı bir madde; Hint irmiği
TIPA	3	a.	► tapa
ULAK	3	a.	► haberci
ÜLEŞ	3	a.	► pay
ÜREM	3	a.,ekon.	► faiz
ÜRKÜ	3	a.	► panik
VİDO	3	a.	Oyunda kazanılacak parayı iki katına çıkarma
AJUR	2	a.	Bir işlemede, örgüde, ipliklerin kesilmesi, ayrı tutulması yoluyla oluşturulan boşluk
APAŞ	2	a.	► külhanbeyi
BOKS	2	a.,sp.	Özel eldiven takmış iki kişinin birbirlerine yumruk vurarak yaptıkları spor karşılaşması; yumruk oyunu
BÖKE	2	sf.	Kahraman, güçlü (kimse)
BRİK	2	a.	İki direkli, seren yelkenli, birkaç top taşıyan gemi
BUĞU	2	a.	Soğuk bir cisim üzerinde ortamda bulunan havanın veya gazın yoğunlaşmasından ötürü meydana gelmiş ince sıvı katmanı
CÖNK	2	a.	Büyük yelkenli gemi
CURA	2	a.	İki, üç, dört, beş veya altı telli olabilen, alt teli “la”, üst teli “re” sesine ayarlanmış, mızrapla veya parmakla vurularak çalınan, bağlama ailesinin en küçük çalgısı
EREK	2	a.	► amaç
ERİM	2	a.	► menzil
GALİ	2	a.,den.	Alçak ve altı düz gemi
GETR	2	a.	Bacağın alt bölümünü ve ayakkabının üstünü örten kumaş veya köseleden yapılmış bir tozluk türü
HASA	2	a.	Patiska
HAZA	2	zf.	Tam anlamıyla, mükemmel bir biçimde
İMAJ	2	a.	► imge
İRİS	2	a.,anat.	Saydam tabaka ile göz merceği arasında bulunan, ince, kasılabilen bir zardan oluşan, gözün renkli bölümü
KAST	2	a.,top. b.	Ayrıcalıklar bakımından yukarıdan aşağıya doğru kesin ölçülerle sınırlanmış bulunan, en koyu biçimiyle Hindistan'da görülen toplumsal sınıfların her biri
KENE	2	a.,hay. b.	Koyun, köpek, at vb. hayvanların veya insanların derisinde asalak olarak yaşayan, bulaşıcı hastalıklara neden olan böceklerin genel adı; sakırga
KENT	2	a.	► şehir
KROS	2	a.,sp.	Kırlarda ve ormanlarda, hendeklerden, yükseltilerden, çukurlardan ve akarsulardan geçerek yaya yapılan koşu
LOGO	2	a.	► imlek
MİNK	2	a.,hay. b.	► vizon
MİZA	2	a.	Kumarda ortaya sürülen para
MÜGE	2	a.,bit. b.	► inci çiçeği
ÖNEL	2	a.,huk.	► mehil
PİPO	2	a.	Ucundaki lüle içine tütün konulan ve yakılarak dumanı çekilen kısa, çubuk biçimindeki tütün içme aracı
SKOR	2	a.,sp.	► sonuç
SNOP	2	sf.	► züppe
ŞİLT	2	a.	Üzerine genellikle bir kurum veya kuruluşun adı, işareti kazınmış veya basılmış olan ve armağan olarak bir kimse veya takıma verilen levha; ergilik
TROK	2	a.	► değişim
UMAR	2	a.	► çare
UYAK	2	a.,ed.	► kafiye
ÜZRE	2	e.	343 üzere
ACUR	1	a.,bit. b.	Kabakgillerden, Ege ve Güneydoğu Anadolu’da yetişen, kabuğu çizgili ve tüylü, yeşil veya sarımtırak, üzeri yeşil lekeli, bir yıllık, otsu, irice bir meyve (Cucumis flexuosus)
ADAP	1	a.	► töre
AMİL	1	a.	► etken
ARAZ	1	a.,fel.	► ilinek
AŞAR	1	a.,tar.	► öşür
BİYE	1	a.	Genellikle giysinin yaka, kol, etek çevresine kendi kumaşından veya başka kumaştan geçirilen ince şerit
BROM	1	a.,kim.	Atom numarası 35, atom ağırlığı 79,909, yoğunluğu 2,97 olan, deniz sularında az, bazı göllerde çok miktarda bulunan, kırmızı renkli, pis kokulu, zehirli, sıvı bir element (simgesi Br)
BROŞ	1	a.	► yaka iğnesi
ÇAÇA	1	a.	Ticaret gemilerinde eski ve usta gemici
DANG	1	a.,tıp	Başta, kaslarda ve oynaklarda ağrılar yapan, vücutta kızıl lekeler gösteren, ateşli ve salgın bir hastalık
EKRU	1	a.	Krem rengine yakın beyaz
FARS	1	a.,tiy.	► güldürü
FERT	1	a.	► birey
FONT	1	a.	► dökme demir
FORA	1	a.,den.	Yelken açtırma, mayna karşıtı
FORS	1	a.	Devlet başkanının bulunduğu yerlere, amirallerin çalıştıkları kuruluşlara veya gemilere, generallerin garnizonlarına ve bu düzeydeki görevlilerin arabalarına çekilen üç veya dört köşeli bayrak
GURU	1	a.	Brahmacı eğitimde, yüksek kasttan gençleri ve öğrencileri yetiştiren, manevi gücünün en yüksek noktada olduğuna inanılan kimse
HAMT	1	a.	Tanrı'ya şükretme
KOFA	1	a.,bit. b.	► hasır otu
KREŞ	1	a.	► yuva
MASK	1	a.	Genellikle ölünün yüzüne uygulanarak elde edilen yüz kalıbı
MİSK	1	a.	Asya'nın yüksek dağlarında yaşayan bir tür erkek ceylanın karın derisi altındaki bir bezden çıkarılan güzel kokulu madde
NESİ	1	zm.	Akrabası mı, yakını mı?
ORYA	1	a.	► karo
ÖZEK	1	a.	► merkez
PİRE	1	a.,hay. b.	Pireler takımından, insanın ve bazı hayvanların kanını emerek yaşayan, iyi sıçradığı için kolay yakalanamayan, küçük, asalak böcek (Pulex)
PUHU	1	a.,hay. b.	Baykuşgillerden, orman, dağ ve kayalıklarda yaşayan, uzunluğu yaklaşık 65 santimetre, sırtı koyu kahverengi bir tür kuş (Bubo bubo)
RODA	1	a.,den.	Yöntemine uygun düzgün sarılmış halat yumağı
ROZA	1	a.	Bir tür pembe elmas
SEME	1	sf.	Sersem, ahmak, alık
SEVİ	1	a.	► aşk
SİLİ	1	a.	Kilim, yünden dokunmuş yaygı
SLİP	1	a.	Paçasız ve bedeni sıkıca saracak biçimde dikilmiş erkek donu
STİL	1	a.	► tarz
ŞASE	1	a.	İçine mendil, gecelik vb. şeyleri koymaya yarayan, çeşitli büyüklükte, kumaştan koruncak
TAPİ	1	a.	Pokerde kâğıtlar dağıtılmadan önce oyunculardan birinin fiş veya parasını ortaya sürdükten sonra önünde fişi veya parası kalmadığını belirtmek için söylediği söz
TİPİ	1	a.	► kar fırtınası
ÜRAT	1	a.,kim.	Sidik asidi tuzu
ÜVEZ	1	a.,bit. b.	Gülgillerden, orta boylu bir ağaç (Pirus sorbus)
VALF	1	a.	► vana
ABAK	0	a.	Eski Türklerde ölmüş kimselerin heykel vb. suretleri
ABİŞ	0	a.,jeol.	Madenleri toz hâline getirmeye yarayan küçük, çelik havan
ABLİ	0	a.,den.	Yatay serenlerin ucuna bağlı bulunan ve bunları sağa, sola veya ortaya çevirmek için yararlanılan halat veya palanga
ABUK	0	sf.	► saçma
ACEP	0	zf.	► acaba
ÂCİZ	0	sf.	Bir işi yapabilecek gücü, becerisi veya yeteneği olmayan
ACUL	0	sf.	► aceleci
ACVE	0	a.	Medine'de yetişen, koyu renkli, tombul çekirdekli iyi cins bir tür hurma
ACYO	0	a.,tic.	Herhangi bir paranın gerçek değeriyle sürüm değeri arasında veya bir ticaret senedinin üzerinde yazılı miktar ile indirimden sonraki tutarı arasında doğan fark
AÇAN	0	a.,anat.	Oynak kemiklerin arasındaki açıları genişletmeye yarayan kasların genel adı, büken karşıtı
AÇAR	0	a.	► anahtar
AÇKI	0	a.	Bir cismin yüzeyi üzerinde sert bir madde veya bir araç sürterek onu düzleştirip parlatma
ADAT	0	a.	Töreler, âdetler
ADCI	0	sf.,fel.	Adcılık öğretisine bağlı (kimse); isimci
ÂDEM	0	a.	► insan
ÂDET	0	a.,top. b.	► görenek
ADIL	0	a.,db.	► zamir (I)
ADLI	0	sf.	... adını taşıyan; isimli
AFİS	0	a.,hay. b.	Gümüş balığının küçüğü
AĞCA	0	sf.	► akça (I)
AĞCI	0	a.	Ağ ile balık tutarak geçinen kimse
AĞIM	0	a.	Ayağın üstündeki tümsek yer
AĞLI	0	sf.	Ağı bulunan
AĞRI	0	a.	Sinir uçlarının şiddetli biçimde uyarılmasıyla ortaya çıkan, vücudun herhangi bir yerinde oluşan rahatsızlık hissi; veca
AĞSI	0	sf.,anat.	Ağ görünüşünde olan, ağ gibi örülmüş olan
AHÇI	0	a.	343 aşçı
ÂKİT	0	sf.	► bağıtçı
AKLI	0	sf.	Beyazı bulunan, beyaz renkli
AKSA	0	sf.	Uzakta bulunan
AKVA	0	a.	Bir tür sırmalı ve köstekli bıçak
ALAT	0	a.	Aletler
ÂLEM	0	a.,gök b.	► evren
ÂLİM	0	a.	► bilim adamı
ALLI	0	sf.	Üzerinde veya içerisinde al renk bulunan
ÂMİN	0	ünl.,din b.	Dualardan ve hayır dileklerinden sonra “Allah kabul etsin, öyle olsun!” anlamında kullanılan bir söz
AMİP	0	a.,hay. b.	Amipler takımından, vücudunun biçim değiştirmesiyle oluşan geçici kollar veya ayaklar üzerinde sürünerek yer değiştiren, tatlı ve tuzlu sularda yaşayan bir hücreli canlı (Amoeba)
AMİT	0	a.,kim.	Amonyağın hidrojeni yerine bir asit kökünün geçmesiyle oluşan birleşiklerin sınıf adı
AMME	0	a.	► kamu
AMOR	0	a.	► aşk
ANAL	0	sf.,tıp	Anüsle ilgili
ANÜS	0	a.,anat.	Sindirim sisteminin sonunda bulunan ve dışkının atılmasına yarayan çıkış deliği; büzük, göt, makat, sofra, şerç
APEL	0	a.,ekon.	Anonim ortaklıklarda sermaye artırımı için yapılan ödeme çağrısı
APIŞ	0	a.	Butların iç tarafı
ÂRAZ	0	a.	Herhangi bir hastalık vb.nde ortaya çıkan belirtiler
ARUZ	0	a.,ed.	► aruz vezni
AŞIK	0	a.,anat.	► aşık kemiği
ÂŞIK	0	a.	Bir kimseye veya bir şeye karşı aşırı sevgi ve bağlılık duyan, vurgun, tutkun kimse
AŞİR	0	a.,din b.	Bir dinî tören sırasında veya cemaatle namaz kılınıp dua edildikten sonra okunan Kur'an ayetleri
AŞOZ	0	a.,den.	Ahşap gemilerin omurgalarının uzunluğunca ve iki yanında borda kaplamalarının en dar yüzünü yerleştirmek için açılan keskin, sivri köşeli yuva
ATÇI	0	a.	At yetiştiricisi kimse
ATEL	0	a.	Kırılmış kemiklerin düzgün bir biçimde sarılabilmesi için kullanılan türlü malzemelerden yapılmış destek
AURA	0	a.	Canlıların bedenlerini çevreleyerek kalkan görevi yaptığı varsayılan, katmanlardan oluşan ve kendine özgü rengi olan elektromanyetik alan
AVAZ	0	a.	► ses
AYIT	0	a.,bit. b.	Mine çiçeğigillerden, Akdeniz çevresinde yetişen, mavi, beyaz veya menekşe renginde çiçekler açan, 1-2 metre boyunda bir ağaççık; kadın otu, hayıt (Vitex agnus-castus)
AYLI	0	sf.	Üzerinde ay biçimi bulunan
AZCA	0	zf.	Oldukça az
AZEL	0	a.,ekon.	Sunumun birkaç satıcı tarafından yapıldığı ve bu az sayıdaki satıcının birbirlerinin üretim kararlarından etkilendiği piyasa türü; oligopol
AZİT	0	a.,kim.	Azotürün grup hâlinde üç azot atomu içeren organik türevlerinin ortak adı
AZOL	0	a.,kim.	Heterosiklik birleşiklerin önemli bir sınıfı
BAĞI	0	a.	► göz bağı
BAK!	0		işte
BAKS	0	a.,den.	Gemiye hayvan yüklerken kullanılan sandık
BARA	0	a.,fiz.	Aynı gerilimdeki besleme hattı veya çıkışların toplandığı ve dağıtıldığı boru veya iletken çubuk veya lama
BETİ	0	a.	Resim ve heykel sanatlarında varlıkların biçimi
BİLİ	0	a.	► bilgi
BLUM	0	a.	Elli iki kâğıt ve iki jokerle, en az iki kişi, en fazla dört kişi tarafından oynanan, konkene benzeyen bir iskambil oyunu
BOCA	0	a.,den.	Geminin rüzgâr almayan yanı; rüzgâraltı, orsa veya rüzgârüstü karşıtı
BOCİ	0	a.	Ağır yük taşımaya yarayan, iki kalın ve küçük tekerleği olan el arabası
BOLD	0	a.,bl.	343 koyu
BORU	0	a.	Bir yerden başka bir yere sıvı, gaz vb. aktarmaya yarayan, içi boş, uçları açık, uzun ve dar silindir
BÖRÜ	0	a.	► kurt (I)
BRİT	0	a.	Düğmeyi iliklemek için kumaş veya iplikten yapılmış, halka biçiminde, özel bir ilik türü
BRİZ	0	a.	► meltem
BUKE	0	a.	► koku
BÜVE	0	a.,hay. b.	Genellikle sığırlara saldıran, onların kanını emen, vızıltılarıyla tedirginlik yaratan sokucu sinek; büğelek, dızdız (Hypoderma bovis)
BÜYÜ	0	a.	İnsan ve tabiatla ilgili olarak, birtakım gizli güçlerle insan geleceği üzerinde etkiler yapma, yönlendirmede bulunma gibi işlem ve davranışlara verilen genel ad; afsun, efsun, füsun, sihir
CART	0	a.	Sert bir şey yırtılırken çıkan ses
CIRT	0	a.	Kâğıt, kumaş vb. yırtılırken çıkan ses
ÇEÇE	0	a.,hay. b.	İki kanatlılardan, insana uyku hastalığı aşılayan, sinekten büyük bir cins Güney Afrika böceği (Glossina)
ÇIĞA	0	a.,hay. b.	Yumurtasından havyar yapılan bir tür mersin balığı (Acipenser ruthenus)
ÇIMA	0	a.,den.	Gemiyi iskeleye bağlamak için kullanılan halat
ÇIPA	0	a.,den.	Gemilerin dalgalara, akıntılara kapılarak yer değiştirmemesi için suya atılan, zincirle gemiye bağlı bulunan, ucu çengelli ağır demir araç; çapa, çipo, demir
ÇİPO	0	a.,den.	► çıpa
ÇİZİ	0	a.	► çizgi
DAĞİ	0	a.,müz.	Dağlık bölgelerde söylenen türkülerin makamı
DÂHİ	0	a.	Olağanüstü yeteneği ve yaratıcı gücü olan kimse; deha, öke
DANK	0	a.	"Bir olay sebebiyle birden ayılmak, doğruyu anlamak" anlamında dank etmek veya dank demek birleşik fiillerinde kullanılan bir söz
DART	0	a.	Hedef noktaları dairesel olarak belirlenmiş nişan tahtasına küçük okların atılmasıyla oynanan bir oyun türü; oklama
DEFA	0	a.	► kez
DEFİ	0	a.,huk.	Taraflardan birinin kendisine açılan davada borçtan kurtulmak için başvurduğu her türlü yol
DEMO	0	a.	► tanıtım ürünü
DERZ	0	a.,mim.	Duvar taşlarının veya tuğlalarının harçla doldurulup üzerinden mala çekilerek düzeltilen aralığı
DEST	0	a.	► el (I)
DEVE	0	a.,hay. b.	Geviş getiren memelilerden, boynu uzun, sırtında bir veya iki hörgücü olan, yük taşımakta kullanılan hayvan (Camelus)
DEYİ	0	a.,dil b.	Dil, söz, işaret, mimik vb. anlatım araçlarının bütünü; logos
DİMİ	0	a.	Sıkı dokunmuş bir tür pamuklu kumaş
DİNÎ	0	sf.	Dinle ilgili, din üzerine; dinsel
DİVA	0	a.	Sinema, tiyatro, müzik, dans, bale vb. sanatlara emek vermiş, alanında uzmanlaşmış ve tanınmış olan kadın sanatçı
DONE	0	a.	► veri
DREÇ	0	a.	Ağlı kepçe, tarama ağı
DROG	0	a.,kim.	Hayvan ve bitkilerden kurutularak veya özel metotlarla toplanarak elde edilen, eczacılık ve kısmen sanayide kullanılan ham veya yarı ham madde
DUDU	0	a.	► papağan
DUKA	0	a.,tar.	Dük ünvanının eskiden kullanılan biçimi
DÜSE	0	a.	Zarla oynanan oyunlarda, atılan zarlardan her ikisinin de üç benekli olan yüzünün üste gelmesi
DÜZE	0	a.,kim.	► doz
EDAT	0	a.,db.	Birlikte kullanıldığı sözler arasında ilgi kurmaya yarayan, anlamı yalnızca bağlamla belirginleşen kelime türü; ilgeç: Ev gibi huzur köşesi olmaz. Çocuk sabaha karşı uyandı
EHLÎ	0	sf.	► evcil
EKİT	0	a.,tıp	Vücuda herhangi bir işlevi yerine getirmesi için yerleştirilen doku parçası veya yapay gereç
EKLİ	0	sf.	Eklenmiş olan
ELEM	0	a.	► keder
EMAN	0	a.	Radyoaktif cisimlerde ölçü birimi
EMEÇ	0	a.,bit. b.	Su ve kara yosunlarının, kökü andıran tutunma organı
EMÎR	0	a.	Araplarda ve bazı Müslüman ülkelerde bir kavim, şehir veya ülkenin başı
ENİN	0	a.	► inilti
ENİR	0	a.,bit. b.	Bir tür yaban mersini
ENLİ	0	sf.	► geniş
EPER	0	a.	Işığa karşı bakıldığında kâğıt tabakasının yapısal görünümü
ERCE	0	zf.	Er gibi, ere yakışır bir biçimde
ERİN	0	sf.	► ergen
EROS	0	a.,ruh b.	Ruhsal çözümleme açısından cinsel eğilimler ve bundan doğan isteklerin tümü
ESRE	0	a.	Arap harfli metinlerde bir ünsüzün ı, i seslerinden biriyle okunacağını gösteren işaret; kesre
EŞEY	0	a.,biy.	► cinsiyet
EŞLİ	0	sf.	Eşi olan
ETÇİ	0	a.	► kasap
ETOL	0	a.	Genellikle kürkten, gösterişli kumaşlardan veya yün örgüden yapılmış omuz atkısı
ETÜV	0	a.	Yiyecekleri, nesneleri yüksek ısıyla sterilize ve dezenfekte etmekte kullanılan kapalı araç
EVCE	0	zf.	► evcek
EVCİ	0	a.	Tatil günlerini evinde geçiren yatılı öğrenci, er vb
EVİÇ	0	a.,müz.	Klasik Türk müziğinde bir tür birleşik makam
FÂNİ	0	sf.	► ölümlü
FERÇ	0	a.,anat.	Dişi canlılarda üreme organının dış bölümü; vulva
FIRT	0	a.	Baskı sonucu birdenbire yerinden çıkan bir şeyin çıkardığı sesin adı
FİŞE	0	a.	Bazı mobilya kilitlerinin içinde bulunan, birbirinin benzeri fakat farklı ölçüdeki uçları yaylı kilit elemanı
FLOK	0	a.,den.	Geminin cıvadrasına çekilen üçgen yelken
FLOR	0	a.,kim.	Atom numarası 9, atom ağırlığı 19, yoğunluğu 1,265 olan, kokusu ozonu andıran, yeşilimtırak sarı renkte, halojenler grubunun ilk elementi olan basit element (simgesi F)
FOLK	0	a.	► halk (I)
FOTA	0	a.	İçinde şarap yapılan bir tür fıçı
FOTO	0	a.	► fotoğraf
FRAK	0	a.	Resmî törenlerde giyilen uzun etekli, eteğinin arkası beline kadar yırtmaçlı, siyah erkek ceketi veya takımı
FRER	0	a.	Yabancılara ait okullarda görevli papaz
FRİZ	0	a.	Tavandan inerek sahnenin üst kısmını, sahne boyunca kaplayan kısa, dar perde
FULE	0	a.	Adım aralığı
FÜZE	0	a.	Bir yanıcı ve bir yakıcı maddenin sürekli olarak yanmasından doğan itiş gücü ile hareket eden düzenek
GALE	0	a.	İçerisinde kalıp yapılan üç tarafı kaplı, bir tarafı açık tepsi şeklinde dizgi aleti
GANG	0	a.,min.	Bir maden cevherini, bir değerli taşı saran değersiz madde
GARK	0	a.	Suya batma, suda boğulma
GEÇE	0	zf.	Herhangi bir saat başını geçerek, geçerken
GELE	0	a.	Tavla oyununda elinde kırık taşı bulunan oyuncunun attığı, oyuna devam etmesine yaramayan zar
GENE	0	zf.	► yine
GIDA	0	a.	► besin
GIDI	0	a.	► gıdık
GIGI	0	a.	Çocuk dilinde çene altı
GIRT	0	a.	Sert veya kalın bir şey kesilirken çıkan ses
GİDİ	0	ünl.	Azarlama sözü
GREN	0	a.	Kâğıdın yüzeyinin pürüzlülük derece ve tipinin bir izlenimi
GREV	0	a.	İsteklerini işverene kabul ettirmek için işçilerin, hep birden işlerini hep birden bırakması; iş bırakımı
GRİP	0	a.,tıp	Yorgunluk, kırıklık, kas ağrıları, ateş vb. belirtileri olan, bulaşıcı, salgın hastalık; paçavra hastalığı, İspanyol nezlesi, enflüanza
GRON	0	a.	Çoklukla ferace yapımında kullanılan, çaprazlama iplerin desen olarak kullanıldığı, kalınca, parlak, ipek veya benzeri fabrika ürünü kumaş
GURK	0	a.	► kuluçka
GÜYA	0	zf.	► sözde
HADİ	0	ünl.	► haydi
HAJE	0	a.,hay. b.	Afrika'da yaygın olarak bulunan bir tür kobra (Naja haje)
HÂKÎ	0	a.	Kahverengi ve yeşilin karışımından ortaya çıkan renk
HÂLÂ	0	zf.	Şimdiye kadar, o zamana kadar; hâlen, henüz
HAMİ	0	sf.	► koruyucu
HART	0	zf.	Birden ve sert bir biçimde (ısırmak, yemek)
HAYÂ	0	a.	► utanma
HINK	0	ünl.	Güç gerektiren bir iş yapılırken çıkarılan ses
HİBE	0	a.	► bağış
HOBİ	0	a.	► uğraşı
HÖST	0	ünl.	At, katır, sığır vb. hayvanları, özellikle öküzü durdurmak için kullanılan bir seslenme sözü
HURÇ	0	a.	Genellikle yelken bezinden veya meşinden yapılmış büyük heybe
ILIM	0	a.	► ölçülülük
IRIP	0	a.	► ığrıp
ISIN	0	a.,fiz.	► kalori
İBİŞ	0	a.,tiy.	Orta oyununda çoğu kez aptal uşak rolünü oynayan komedyen
İBNE	0	a.,kaba	Edilgin eş cinsel erkek; homoseksüel
İBRA	0	a.,huk.	► aklama
İÇİŞ	0	a.	► içim
İÇİT	0	a.	İçilecek şey
İFTA	0	a.,din b.	Bir sorunu fetva ile çözme
İGLU	0	a.	Çoğunlukla kar bloklarından kubbe biçiminde yapılan ve yalnızca Mackenzie Irmağı deltası ile Labrador arasında kalan bölgede rastlanan Eskimo kulübesi
İĞCİ	0	a.	İğ kullanan, yapan veya satan kimse
İĞSİ	0	sf.	İğ şeklinde olan, iği andıran
İKSA	0	a.	Bir hendek veya temel çukuru kazılırken yandaki toprakları tutmak için yere yan yana çakılan ve kavramalarla birbirine tutturulan kalın tahtalarla kurulan düzen; bağın
İKTA	0	a.,tar.	Bir kişinin mülkiyetinde olmayıp devlete ait olan toprakların vergilerinin veya gelirlerinin asker veya sivil erkâna hizmet ve maaşlarına karşılık verilmesi
İLEK	0	a.	İncirin döllenmesini sağlayan sinek
İLMÎ	0	sf.	► bilimsel
İNEÇ	0	a.,jeol.	► tekne, yukaç karşıtı
İNİK	0	sf.	İnmiş, indirilmiş
İPÇİ	0	a.	İp üreten, yapan veya satan kimse
İPSİ	0	sf.	İpi andıran, ipe benzeyen, ip gibi
İRİN	0	a.	Organizmanın herhangi bir yerinde iltihaplanma sonunda ölmüş hücre artıklarından ve bozulmuş akyuvarlardan oluşan, mikroplu veya mikropsuz, genellikle sarımtırak renkte koyuca sıvı; cerahat, ufunet
İSLİ	0	sf.	İsi olan, islenmiş, is bulaşmış
İTÇE	0	zf.	Terbiyesiz bir biçimde
İTKİ	0	a.,ruh b.	► tepi
İYON	0	a.,kim.,fiz.	Bir veya daha çok elektron kazanmış veya yitirmiş bir atom veya bir atom grubundan oluşmuş elektrik yüklü parçacık; yükün
İYOT	0	a.,kim.	Atom numarası 53, atom ağırlığı 126,92 olan, tabiatta, deniz suyunda sodyum iyodür durumunda rastlanılan, bazı deniz bitkilerinde de çokça birikmiş olarak bulunan, mavimtırak esmer renkte katı bir element (simgesi I)
İZAH	0	a.	► açıklama
İZGE	0	a.	► çeşitlilik
JUDO	0	a.,sp.	Jiujitsudan gelişmiş, tutmalara, fırlatmalara, hareketsiz bırakmalara dayanan, Japon kökenli silahsız yapılan dövüş sporu
JURO	0	a.,jeol.	İkinci Çağ'ın triyasla kretase arasında kalan dönemi
KAÇA	0	zf.	Ne kadar bir para karşılığında
KAÇI	0	zm.	Ne kadarı, kaç kişi
KADI	0	a.,tar.	Tanzimat'a kadar her türlü davaya, Tanzimat ile Medeni Kanun arasındaki dönemde ise yalnız evlenme, boşanma, nafaka, miras davalarına bakan mahkemelerin başkanları
KAFE	0	a.	İçecek ve hafif yiyeceklerin satıldığı, bazılarında kapı önlerinde oturacak yerlerin bulunduğu ayaküstü yiyecek yerleri
KÂFİ	0	sf.	► yeter
KAJU	0	a.,bit. b.	Antep fıstığıgillerden, yapraklarını dökmeyen, tropikal bir meyve ağacı; bilader ağacı, Amerikan elması (Anacardium occidentale)
KAKA	0	a.	► dışkı
KAME	0	a.	Değişik renkli üst üste iki katmandan oluşan ve üstteki katmanına kabartma bir desen yapılan değerli taş
KANA	0	a.,den.	Geminin çektiği suyu göstermek için baş ve kıç bodoslamaları üzerine konulan işaretler
KANT	0	a.	Şeker ve limonla içilen sıcak su
KÂSE	0	a.	Cam, çini, toprak vb.nden yapılmış derince çanak
KATİ	0	sf.	► kesin
KIYA	0	a.	► cinayet
KİPE	0	a.,sp.	Hızla bükülen kalçanın sert ve birden gerilişiyle, vücudun yatıştan ayaküstü duruşa veya asılmadan dayanmaya geçmesi
KLON	0	a.,biy.	► kopya
KLÜZ	0	a.,coğ.	► kanyon
KOKA	0	a.,bit. b.	İki çeneklilerden, çiçekleri küçük ve sarımtırak, zeytine benzer meyvesi kırmızı renkte olan, yapraklarından kokain çıkarılan, en çok Peru'da yetişen bir bitki (Erytrroxylon coca)
KORE	0	a.,tıp	Başlıca belirtisi kısa, çabuk, değişken yapıda irade dışı hareketler olan bir hastalık
KÛFİ	0	a.	Arap yazısının düz ve köşeli çizgilerle yazılan eski bir biçimi
KUĞU	0	a.,hay. b.	Perde ayaklılardan, yaban ve evcil türleri bulunan, çok uzun ve kıvrık boyunlu, geniş gagalı, geniş kanatlı bir su kuşu (Cygnus olor)
KULA	0	a.	Gövdenin sarı veya kirli sarı renkte, yele, kuyruk ve bacağın alt kısmındaki kılların koyu renkte olduğu at donu
LAVA	0	ünl.,den.	Herhangi bir yere yanaşmış filikanın kürek çekmeksizin ilerlemesi için verilen buyruk
LENF	0	a.,anat.	Damarlarda dolaşan kanla, doku ögeleri arasında aracı görevi yapan, kan plazması ve lenfositten oluşan saydam, sarı renkte bir sıvı; ak kan, lenfa
LİET	0	a.,müz.	► şarkı
LİGA	0	a.,den.	Üç deniz mili uzunluğunda bir ölçü birimi
LİNÇ	0	a.	Birden çok kimsenin kendilerine göre suç olan bir davranışından ötürü birini, yasa dışı ve yargılamasız olarak öldürmesi
LOÇA	0	a.,den.	Gemilerin baş bodoslamalarının her iki yanında, çıpayı içine alabilen ve güverteye açılan demir zincirin geçtiği delik
LOTA	0	a.,hay. b.	Tatlı sularda yaşayan, bir tür gelincik balığı (Lota vulgaris)
LUTİ	0	a.,kaba	► oğlancı
MAAŞ	0	a.	► aylık
MALÇ	0	a.	Toprak ve rutubet muhafazası amaçları ile çayır ve mera üzerine bırakılan veya başka yerlerden getirilip serpilen her türlü bitki artığı
MÂNİ	0	a.,ed.	Genellikle birinci, ikinci ve dördüncü dizeleri uyaklı olan, daha çok hecenin yedili ölçüsüyle söylenen halk şiiri
MAPA	0	a.,den.	Ucu halkalı cıvata
MAYİ	0	a.	► sıvı
MAZI	0	a.,bit. b.	Servigillerden, yaprakları almaşık ve küçük pullar biçiminde, gövdesi düz olan, dipten dallanan bir süs bitkisi (Thuya)
MAZİ	0	a.	► geçmiş
MENİ	0	a.,fizy.	Erkeklerin cinsel organından salgılanan madde; er suyu, bel (III), atmık, dikel, sperm, sperma
MERİ	0	sf.,huk.	► geçerli
MESH	0	a.	Bir şeyi elle sıvazlama
MİHR	0	a.,huk.	Müslüman bir erkeğin nikâh esnasında eşine vermeyi kabullendiği mal veya para
MİRA	0	a.,coğ.	Arazi üzerinde seçilmiş bir işaret noktasının düşeyini gösteren, yön belirtmek için uzaktan gözlenen, geometrik biçimli tahta lata
MİSO	0	a.	Tuzlu ve zengin çeşnili bir tür tatlandırıcı
MONT	0	a.	Kumaştan veya deriden yapılan, genellikle belden kemerli, üstünde cepleri bulunan, gömlek, hırka vb. üzerine giyilen kısa, hafif giysi; montgomer
MÖNÜ	0	a.	343 menü
MUÇO	0	a.,den.	► miço
MURÇ	0	a.	Betonu kırmakta veya betona delik açmakta kullanılan sivri uçlu, çelikten yapılmış bir alet
MURT	0	a.,bit. b.	Mersin ağacının yazın olgunlaşan, bezelye büyüklüğünde, morumsu siyah, çeşitli hastalıkların tedavisinde kullanılan meyvesi
MÜRT	0	sf.	Ölmüş (hayvan)
NARH	0	a.,tic.	Tüketiciyi korumak amacıyla, özellikle temel ihtiyaç maddeleri için resmî makamlarca belirlenen ve her yerde geçerli olan fiyat
NATO	0	sf.	"Söz dinlemez, söz anlamaz, taş gibi kafa" anlamlarındaki nato kafa, nato mermer deyiminde geçen bir söz
NECE	0	zf.	Hangi dilde, hangi dilden?
NECİ	0	a.	Ne iş yapar, ne ile uğraşır?
NELİ	0	sf.	Genellikle yiyecek, içecek içinde veya içeriğinde bulunan şeyi sorarken kullanılan söz
NENE	0	a.	► nine
NEYE	0	zf.	► niçin
NİYE	0	zf.	► niçin
OJİT	0	a.,jeol.	Feldspatla birlikte bazaltların temelini oluşturan, tanecikli, cam parlaklığında olan, siyah renkli volkan taşı
OKSU	0	sf.,bit. b.	Biçimi oka benzeyen (yaprak)
OKUR	0	a.	► okuyucu
OLDU	0	ünl.	► evet
OLEY	0	ünl.	► yaşa
ONAM	0	a.	► rıza
ONAR	0	sf.	On sayısının üleştirme sayı sıfatı
ONCA	0	sf.	O kadar, o denli
ONUM	0	a.	Kötü bir durumdan kurtulma
ORUN	0	a.	Özel yer
OTLU	0	sf.	Otu olan
OYSA	0	bağ.	Aralarında karşıtlık, aykırılık bulunan iki cümleyi “tersine olarak, aksine” anlamlarıyla birbirine bağlayan bir söz; oysaki, hâlbuki
OYUM	0	a.	Oyma işi
OZAN	0	a.	► şair
ÖBÜR	0	sf.	► öteki
ÖÇLÜ	0	sf.	Kin ve intikam dolu, öç alma isteğinde olan
ÖDEM	0	a.,tıp	Dokularda, hücreler arası boşluklarda, bazı iç organlarda genellikle de yüzde, ellerde, ayaklarda aşırı miktarda sıvı birikmesi
ÖDÜN	0	a.	Uzlaşmaya varabilmek için hak, istek veya savlarının bir bölümünden, karşı taraf yararına vazgeçme; ödünleme, ivaz, taviz
ÖĞLE	0	a.	Güneşin gökyüzünde en yüksek noktada bulunduğu sabahla ikindi arasındaki zaman dilimi; gün ortası, öğlen, öğle vakti, nısfınnehar, zeval
ÖKSE	0	a.	Ökse otu saplarından veya çobanpüskülü kabuklarından çıkarılan yapışkan macun
ÖLÜŞ	0	a.	Ölme işi
ÖNLÜ	0	sf.	Ön tarafı olan
ÖREN	0	a.	Ait olduğu eski uygarlık hakkında fikir edinmemizi sağlayan kültür ve tabiat kalıntılarından oluşan alan
ÖRFİ	0	sf.	Örfle ilgili
ÖRGE	0	a.	► motif
ÖRÜK	0	a.	Kendi ipiyle onarılmış kısım
ÖTRE	0	a.	Arap harfli metinlerde bir ünsüzün o, ö, u, ü seslerinden biriyle okunacağını gösteren işaret; zamme
ÖZGE	0	sf.	► başka
ÖZGÜ	0	sf.	Birine, bir şeye ait olan; öze, has, mahsus (I)
PANÇ	0	a.	Ahşap, alçı, kartonpiyer vb. üzerinde delik açma aleti
PAPA	0	a.,din b.	Roma Katolik kilisesinin, bir meclis tarafından seçilen, Vatikan'da oturan ve Hz. İsa'nın vekili sayılan başkanı
PARE	0	a.	► parça
PARS	0	a.,hay. b.	Kedigillerden, genellikle Asya ve Afrika'nın sıcak bölgelerinde yaşayan, postu benekli, bazen de düz siyah, çevik, yırtıcı, etçil, memeli hayvan; leopar, panter, pelenk (Panthera pardus)
PENÇ	0	a.	► beş
PEPE	0	sf.	Dudak sesleriyle başlayan kelimelerin ilk seslerini güçlükle söyleyen ve ancak birkaç kez tekrarladıktan sonra arkasını getirebilen (kimse); pepeme
PEST	0	sf.	► pes (II)
PIŞT	0	a.	Islıklı ses
PİLİ	0	a.	Kumaş, kâğıt vb.nde bir bölümün öbürünün üzerine getirilmesiyle oluşturulan kıvrım, kırma
PİPİ	0	a.	Çocuk dilinde erkeklik organı
PUNÇ	0	a.	Çay, şeker, tarçın, limon karışımına rom veya kanyak gibi damıtılmış alkollü bir içki katılarak yapılan ve buharlaşan alkolü yakıldıktan sonra içilen bir içki türü
PUPA	0	a.,den.	Geminin arkası; kıç
PURO	0	a.	► yaprak sigarası
PUŞT	0	a.,kaba	Eş cinsel erkeklerin cinsel zevklerine hizmet eden erkek
RAKI	0	a.	Üzüm, incir, erik vb. meyvelerin alkolle mayalanarak damıtılmasıyla elde edilen içki; aslansütü, imamsuyu
RAMP	0	a.,tiy.	Bir tiyatro sahnesinin önünde, ışık ve ışıldakların yerleştirildiği, izleyiciye en yakın yer
RUHİ	0	sf.	► ruhsal
RUMİ	0	sf.,tar.	Anadolu ile ilgili, Anadolu'ya bağlı, Anadolu'da yaşayan
RÜKÛ	0	a.	Öne doğru eğilme
SAĞI	0	a.	Kuş gübresi
SAHİ	0	zf.	► gerçekten
SAMİ	0	sf.	İşiten
SECİ	0	a.,ed.	Nesirde yapılan uyak
SEKS	0	a.,biy.	► cinsiyet
SELA	0	a.,din b.	Müslümanları bayram veya cuma namazına çağırmak, bazı yerlerde cenaze için kılınacak namazı haber vermek amacıyla minarelerde okunan dua
SENE	0	a.	► yıl
SEPİ	0	a.	Deri, post vb.ni kullanabilecek duruma getirmek için uygulanan işlemlerin tümü
SEZÜ	0	a.,bit. b.	► mantar meşesi
SİLO	0	a.	Tahıl vb. ürünlerin korunduğu, saklandığı veya depolandığı, genellikle silindir biçiminde ambar; sarpın
SİYA	0	a.,den.	Kürekleri tersine kullanarak sandalı geriye yürütme
SLAP	0	a.	Büyük yassı levha
SOBE	0	a.	Genellikle kovalamaca, saklambaç vb. çocuk oyunlarında, daha önce kararlaştırılmış yere ebeden önce davranıp ulaşıldığında söylenen söz
SODA	0	a.	Suya karbondioksit ve bikarbonat eklenerek elde edilen, sindirimi kolaylaştırmak için kullanılan içecek
SOMA	0	a.,anat.	Cinsiyet hücreleri dışında, vücut hücrelerinin tümü
SOTE	0	a.	Küçük küçük doğranmış et, ciğer, böbrek, mantar vb. şeyler yağda hafifçe kavrulduktan sonra su, domates, biber vb. katılarak yapılan bir tür yemek
SÖBE	0	sf.	► oval
SPAM	0	a.	İstenmediği hâlde genel ağ ve sosyal medyada çok sayıda alıcıya aynı anda gönderilen gereksiz veya uygunsuz ileti
SPİN	0	a.	“Genellikle gösteri amaçlı olarak aracın arka tarafını kontrollü veya kontrolsüz bir biçimde değişik yönlere savurmak” anlamındaki spin atmak birleşik fiilinde geçen bir söz
STER	0	a.	Yığın durumundaki yakacak odun için kullanılan, bir metreküpe eşit hacim ölçüsü birimi
SUFİ	0	a.,din b.	► mutasavvıf
SULH	0	a.	► barış
SUMA	0	a.	İlk damıtılan ve içinde anason bulunmayan rakı
SUNİ	0	sf.	► yapay
SURA	0	a.	Yumuşak ince bir tür ipekli kumaş
SUŞİ	0	a.	İnce şerit biçimindeki yosun tabakasının içine çiğ balık, yağsız, tuzsuz haşlanmış pirinç ve özel baharat karışımının konulmasıyla hazırlanan Japon yemeği
SÜJE	0	a.	► konu
SÜNE	0	a.,hay. b.	Yarım kanatlılardan, yumurtalarını ekin yapraklarına bırakan, esmer renkli, zararlı bir böcek (Eurigaster integriceps)
ŞAFT	0	a.,tek.	Bir makinenin dönme hareketini öteki parçalara aktaran ve ucuna dişli çarklar, tekerlekler veya pervane bağlanan demir mil
ŞAKİ	0	a.	► haydut
ŞALT	0	a.	► şalter
ŞARJ	0	a.,fiz.	► yükleme
ŞELF	0	a.,coğ.	► kıta sahanlığı
ŞİLE	0	a.,bit. b.	► mercanköşk
ŞİME	0	a.	► huy
ŞİRK	0	a.,din b.	Tanrı’nın birden çok olduğuna inanma, Tanrı’ya ortak koşma; eş koşma
ŞİST	0	a.,min.	Kolayca yapraklara ayrılabilen, silisli, alüminli tortul kayaçların genel adı
ŞOKE	0	sf.	"Birdenbire şaşırtmak, hoşa gitmeyecek bir şey yapmak" anlamlarındaki şoke etmek ve "birdenbire şaşırmak, hoşa gitmeyecek bir şeyle karşılaşmak" anlamlarındaki şoke olmak deyimlerinde kullanılan bir söz
ŞÛRA	0	a.	Bir alanla ilgili olarak oluşturulan danışma kurulu
ŞUUR	0	a.,ruh b.	► bilinç
TAAT	0	a.	Allah'ın buyruklarını yerine getirme, ibadet etme
TALK	0	a.,min.	Genellikle açık yeşil, toz durumundayken yağlı bir görünümde, özgül ağırlığı 2,7, sertliği 1 olan, hidratlı doğal magnezyum
TAZI	0	a.,hay. b.	Genellikle tavşan avında kullanılan, uzun bacaklı, çekik karınlı, çok çevik bir tür köpek (Canis familiaris grajus hibernicus)
TEFE	0	a.	Dokuma tezgâhında tarağı tutan ağaç veya metal parça
TEPİ	0	a.,ruh b.	Bir işi yapmak, harekete geçmek için duyulan ve bireyin engelleyemeyeceği kadar güçlü istek; içtepi, itki
TİFO	0	a.,tıp	Kirli sularda, bu sularla sulanmış sebzelerde bulunan, mikroplarla oluşan, ortalama üç hafta süren, ateşli ve tehlikeli bir bağırsak hastalığı; karahumma
TİPO	0	a.	Kurşundan dökülmüş harflerin bir araya getirilmesiyle yapılan bir baskı türü
TOFU	0	a.	► soya eti
TOPU	0	zm.	► hepsi
TRAS	0	a.	Volkanik tüf
TUMP	0	a.	Toprak parçası, toprak seti, yığını
TÜLÜ	0	a.,hay. b.	Özel güreşlerde yararlanılan, çift hörgüçlü, uzun tüylü erkek deve
TÜZE	0	a.	► hukuk
UÇAK	0	a.	Kanatlarının altındaki havanın yaptığı basınç yardımıyla yükselip ilerleyebilen motorlu hava taşıtı; tayyare
UÇAR	0	sf.	Uçan, uçucu olan
UÇLU	0	sf.	Ucu olan, ucu çıkan
UÇUN	0	a.	Bayrağın uçkurluk karşısındaki kenarı
ULAÇ	0	a.,db.	► zarf-fiil
ULAN	0	ünl.	Öfke, şaşkınlık ve nefret anlatan bir seslenme sözü; lan, ülen
UMUM	0	sf.	► bütün
UNCU	0	a.	Un satan kimse
UNSU	0	sf.	Un gibi olan, unu andıran
USÇU	0	sf.,fel.	► akılcı
UTKU	0	a.	► zafer
UTLU	0	sf.	Utanma duygusu olan
UYAR	0	sf.	Uygun olan
UYGU	0	a.	► uygulama
UYUR	0	sf.	Uyuyan, uyku hâlinde olan
UZA!	0	kaba	"defol git, kaybol" anlamlarında kullanılan bir söz
UZAM	0	a.,fel.	Algılanan nesnelerin temel niteliği
UZUV	0	a.,anat.	► organ
ÜÇER	0	sf.	Üç sayısının üleştirme sayı sıfatı
ÜSTE	0	a.	Bir mal değişiminde, malı daha değerli olanın aldığı para
ÜŞME	0	a.	► üşüşme
ÜZGÜ	0	a.	► eziyet
VAKS	0	a.	Bal mumunun sanayide mat yüzeyleri parlak ve kaygan duruma getiren türü
VALE	0	a.	Otel, restoran, alışveriş merkezi, düğün salonu vb. yerlerde gelen müşteri ve misafirlerin araçlarını otoparka park etmekle görevli kimse
VÂLE	0	a.	Genişlikleri ve çözgü tellerinin sayısı yönünden taftaya benzeyen, dokunduktan sonra pişirilmiş, ince ipekli kumaş
VAMP	0	a.	Erkekleri peşinde koşturan, aşırı tavır, kıyafet veya makyajıyla bakışları üzerinde toplayan, baştan çıkarıcı kadın
VASL	0	a.	► kavuşma
VECT	0	a.	Sevgi veya heyecandan doğan coşkunluk, kendinden geçme; esrime
VENA	0	a.,anat.	► toplardamar
VERE	0	a.,tar.	► vire
VEYA	0	bağ.	Ayrı olmakla birlikte aynı değerde tutulan iki şeyi anlatan kelimelerden ikincisinin önüne getirilen söz; yahut, veyahut
VİRE	0	a.,tar.	Bir kalenin veya tahkim edilmiş bir yerin teslimi; vere
VİYA	0	a.,den.	Dümeni ortaya alarak gemiyi bulunduğu doğrultuda yürütme
VOLİ	0	a.,den.	Balıkçı kayıklarının balıkları çevirmek için denize fırdolayı ağ salmaları
YIKI	0	a.	► harabe
YISA	0	ünl.	Birçok kişinin birlikte yaptığı işte birbirlerine gayret vermek için söylenen bir söz
YOMA	0	a.,den.	Sabit manevralarda ve gemileri bağlamada kullanılan, üç veya dört kollu halat
YUHA	0	ünl.	► yuh
ZATİ	0	zf.	► zaten
ZEDE	0	a.	Vurma, çarpma, düşme sonunda oluşan yara veya ezilme
ZEKÂ	0	a.,ruh b.	İnsanın düşünme, akıl yürütme, öğrenme, kavramları ve nesneleri zihinde canlandırabilme, objektif gerçekleri algılama, yargılama, sonuç çıkarma, bedeni kontrol edebilme, duyguları doğru algılayabilme, değerlendirebilme, icat edebilme vb. yeteneklerinin ve becerilerinin tamamı; anlak, dirayet, feraset
ZINK	0	a.	"Birdenbire durmak" anlamındaki zınk diye durmak deyiminde geçer
ZİLİ	0	a.	Enine ve boyuna motifleri olan, daha çok yolluk olarak kullanılan kilim
ZİNA	0	a.	Aralarında evlilik bağı olmayan kişiler arasındaki cinsel ilişki
ZONK	0	a.	"Zonklamak" anlamındaki zonk zonk atmak, "vücudun bir yeri çok zonklamak" anlamındaki zonk zonk zonklamak deyimlerinde geçer